strategy,metric,n_pairs,original_mean,original_median,original_sd,corrected_mean,corrected_median,corrected_sd,mean_difference,median_difference,hodges_lehmann_difference,n_improved,n_worsened,n_unchanged,normality_p,test,statistic,p_value,effect_size_name,effect_size,ci_statistic,ci_low,ci_high,ci_level,stratum_column,stratum,family,quantile_cuts,stratification_rule,stratification_type,p_adjusted_bh,significant_fdr,fdr_family,fdr_family_size,fdr_alpha,original_pass,corrected_pass,original_rate,corrected_rate,discordant_gained,discordant_lost,odds_ratio
s1_absolute_volume__mm3_5,Connected components,114,6.807017543859649,7.0,1.913515936340103,5.157894736842105,5.0,1.7877604884443696,-1.6491228070175439,-1.0,-1.5,91.0,0.0,23.0,1.1124955939759863e-08,wilcoxon_signed_rank,0.0,4.162620706573617e-17,rank_biserial,-1.0,median_of_differences,-2.0,-1.0,0.95,stratum_quantile,q1_least_fragmented,s1_absolute_volume__mm3_5|stratum_quantile|Connected components,"[9.0, 12.0]","tertiles of original component count at q=[0.3333, 0.6667]",prespecified_quantile,1.2487862119720851e-16,True,s1_absolute_volume__mm3_5|stratum_quantile|Connected components,3,0.05,,,,,,,
s1_absolute_volume__mm3_5,Connected components,60,10.9,11.0,0.8772066606129533,7.166666666666667,7.0,1.6381745386890372,-3.7333333333333334,-3.0,-3.5,59.0,0.0,1.0,0.003552396025854409,wilcoxon_signed_rank,0.0,1.7646222610874222e-11,rank_biserial,-1.0,median_of_differences,-4.0,-3.0,0.95,stratum_quantile,q2_middle,s1_absolute_volume__mm3_5|stratum_quantile|Connected components,"[9.0, 12.0]","tertiles of original component count at q=[0.3333, 0.6667]",prespecified_quantile,1.7646222610874222e-11,True,s1_absolute_volume__mm3_5|stratum_quantile|Connected components,3,0.05,,,,,,,
s1_absolute_volume__mm3_5,Connected components,76,17.67105263157895,16.0,6.147927906527504,10.802631578947368,10.0,3.2782911680410787,-6.868421052631579,-6.0,-6.0,76.0,0.0,0.0,1.4893344464609516e-07,wilcoxon_signed_rank,0.0,3.201049554993068e-14,rank_biserial,-1.0,median_of_differences,-6.0,-5.0,0.95,stratum_quantile,q3_most_fragmented,s1_absolute_volume__mm3_5|stratum_quantile|Connected components,"[9.0, 12.0]","tertiles of original component count at q=[0.3333, 0.6667]",prespecified_quantile,4.801574332489602e-14,True,s1_absolute_volume__mm3_5|stratum_quantile|Connected components,3,0.05,,,,,,,
s1_absolute_volume__mm3_5,clDice,114,0.890938956399567,0.8951108967475137,0.04400603647629592,0.8920578033173588,0.8982903628072945,0.04409213041507839,0.0011188469177918347,0.0005805074883243333,0.0008506728005935327,11.0,74.0,29.0,5.6754790409357284e-09,wilcoxon_signed_rank,419.0,6.755400510408976e-10,rank_biserial,0.7707250341997264,median_of_differences,0.00047215047365423146,0.0009363214348436788,0.95,stratum_quantile,q1_least_fragmented,s1_absolute_volume__mm3_5|stratum_quantile|clDice,"[9.0, 12.0]","tertiles of original component count at q=[0.3333, 0.6667]",prespecified_quantile,1.0133100765613463e-09,True,s1_absolute_volume__mm3_5|stratum_quantile|clDice,3,0.05,,,,,,,
s1_absolute_volume__mm3_5,clDice,60,0.8650953922774158,0.8721460818589555,0.046316593871573324,0.8676281661572504,0.8729925300611086,0.04657644645836722,0.0025327738798345007,0.0018223814361326696,0.002026720685795902,7.0,52.0,1.0,4.753632373829782e-07,wilcoxon_signed_rank,114.0,5.90276399585723e-09,rank_biserial,0.8711864406779661,median_of_differences,0.0013100519168890434,0.002343387644593853,0.95,stratum_quantile,q2_middle,s1_absolute_volume__mm3_5|stratum_quantile|clDice,"[9.0, 12.0]","tertiles of original component count at q=[0.3333, 0.6667]",prespecified_quantile,5.90276399585723e-09,True,s1_absolute_volume__mm3_5|stratum_quantile|clDice,3,0.05,,,,,,,
s1_absolute_volume__mm3_5,clDice,76,0.8408938920346568,0.8513607062659682,0.056822388873835464,0.844761998370653,0.8545515549874074,0.05663956229374404,0.0038681063359962335,0.0030692953464762085,0.003599866888872316,3.0,73.0,0.0,0.0011230573931470846,wilcoxon_signed_rank,44.0,2.0321576426989276e-13,rank_biserial,0.9699248120300752,median_of_differences,0.002593089058496756,0.004157264265890137,0.95,stratum_quantile,q3_most_fragmented,s1_absolute_volume__mm3_5|stratum_quantile|clDice,"[9.0, 12.0]","tertiles of original component count at q=[0.3333, 0.6667]",prespecified_quantile,6.096472928096783e-13,True,s1_absolute_volume__mm3_5|stratum_quantile|clDice,3,0.05,,,,,,,
s1_absolute_volume__mm3_5,Dice,114,0.8025058377321189,0.8053056225784532,0.039041166394424474,0.802589131084401,0.8048729023839296,0.039045080419593876,8.329335228219257e-05,2.433302404802884e-05,7.775820425814928e-05,17.0,74.0,23.0,8.44852346358817e-10,wilcoxon_signed_rank,745.0,9.540923371999221e-08,rank_biserial,0.6440516005733397,median_of_differences,1.2626504291235463e-05,0.00010052516330660843,0.95,stratum_quantile,q1_least_fragmented,s1_absolute_volume__mm3_5|stratum_quantile|Dice,"[9.0, 12.0]","tertiles of original component count at q=[0.3333, 0.6667]",prespecified_quantile,1.4311385057998832e-07,True,s1_absolute_volume__mm3_5|stratum_quantile|Dice,3,0.05,,,,,,,
s1_absolute_volume__mm3_5,Dice,60,0.7828687315312227,0.798208771338633,0.046561056339133176,0.7830516395187632,0.7984399536326506,0.04656722083162686,0.00018290798754041864,0.00011224764935519049,0.00015900935427151652,11.0,48.0,1.0,0.009078212035292061,wilcoxon_signed_rank,219.0,4.983370260164307e-07,rank_biserial,0.752542372881356,median_of_differences,7.915119303225637e-05,0.0002010944203404419,0.95,stratum_quantile,q2_middle,s1_absolute_volume__mm3_5|stratum_quantile|Dice,"[9.0, 12.0]","tertiles of original component count at q=[0.3333, 0.6667]",prespecified_quantile,4.983370260164307e-07,True,s1_absolute_volume__mm3_5|stratum_quantile|Dice,3,0.05,,,,,,,
s1_absolute_volume__mm3_5,Dice,76,0.76948385231857,0.7740530467315896,0.04871005464995994,0.7698277637240996,0.7743367811662288,0.04870528302535674,0.0003439114055295684,0.00026580275991794355,0.00033072389472629804,10.0,66.0,0.0,0.4328041373141849,paired_t,8.892278903621955,2.386189549232803e-13,cohens_dz,1.0200143452280728,mean_of_differences,0.000268699608182816,0.00042122943098919275,0.95,stratum_quantile,q3_most_fragmented,s1_absolute_volume__mm3_5|stratum_quantile|Dice,"[9.0, 12.0]","tertiles of original component count at q=[0.3333, 0.6667]",prespecified_quantile,7.158568647698409e-13,True,s1_absolute_volume__mm3_5|stratum_quantile|Dice,3,0.05,,,,,,,
s1_absolute_volume__mm3_5,HD95 (mm),114,5.687312974912621,4.326461667265145,4.52644710628629,5.702849812992346,4.368066107139657,4.391968430067061,0.015536838079723642,0.0,0.0,30.0,23.0,61.0,3.056252158210035e-21,wilcoxon_signed_rank,687.0,0.8008062575570309,rank_biserial,0.039832285115303984,median_of_differences,0.0,0.0,0.95,stratum_quantile,q1_least_fragmented,s1_absolute_volume__mm3_5|stratum_quantile|HD95 (mm),"[9.0, 12.0]","tertiles of original component count at q=[0.3333, 0.6667]",prespecified_quantile,0.8008062575570309,False,s1_absolute_volume__mm3_5|stratum_quantile|HD95 (mm),3,0.05,,,,,,,
s1_absolute_volume__mm3_5,HD95 (mm),60,7.839011762261356,6.198222084995086,5.564886304586196,7.958343497793875,6.319081628803204,5.555898093375771,0.11933173553251761,0.0,0.002938605954740936,26.0,23.0,11.0,8.937404447843396e-11,wilcoxon_signed_rank,541.0,0.47694075091631205,rank_biserial,0.11673469387755102,median_of_differences,-0.02767599998469361,0.002938605954740936,0.95,stratum_quantile,q2_middle,s1_absolute_volume__mm3_5|stratum_quantile|HD95 (mm),"[9.0, 12.0]","tertiles of original component count at q=[0.3333, 0.6667]",prespecified_quantile,0.715411126374468,False,s1_absolute_volume__mm3_5|stratum_quantile|HD95 (mm),3,0.05,,,,,,,
s1_absolute_volume__mm3_5,HD95 (mm),76,10.162915959447183,7.776027840822456,8.275651855588686,10.216887398174753,7.7048734633964235,8.202421391523478,0.053971438727570265,-0.0321734760273813,-0.019955899309836322,42.0,27.0,7.0,2.1665490110658403e-10,wilcoxon_signed_rank,1087.0,0.47123995227847804,rank_biserial,-0.09979296066252588,median_of_differences,-0.055869437527572785,0.0,0.95,stratum_quantile,q3_most_fragmented,s1_absolute_volume__mm3_5|stratum_quantile|HD95 (mm),"[9.0, 12.0]","tertiles of original component count at q=[0.3333, 0.6667]",prespecified_quantile,0.715411126374468,False,s1_absolute_volume__mm3_5|stratum_quantile|HD95 (mm),3,0.05,,,,,,,
s1_absolute_volume__mm3_5,Mesh integrity,114,,,,,,,,,,,,,,mcnemar_exact,0.0,0.5,paired_rate_difference,0.01754385964912286,paired_rate_difference,0.0,0.043859649122807015,0.95,stratum_quantile,q1_least_fragmented,s1_absolute_volume__mm3_5|stratum_quantile|Mesh integrity,"[9.0, 12.0]","tertiles of original component count at q=[0.3333, 0.6667]",prespecified_quantile,0.75,False,s1_absolute_volume__mm3_5|stratum_quantile|Mesh integrity,3,0.05,109.0,111.0,0.956140350877193,0.9736842105263158,2.0,0.0,inf
s1_absolute_volume__mm3_5,Mesh integrity,60,,,,,,,,,,,,,,mcnemar_exact,0.0,1.0,paired_rate_difference,0.0,paired_rate_difference,0.0,0.0,0.95,stratum_quantile,q2_middle,s1_absolute_volume__mm3_5|stratum_quantile|Mesh integrity,"[9.0, 12.0]","tertiles of original component count at q=[0.3333, 0.6667]",prespecified_quantile,1.0,False,s1_absolute_volume__mm3_5|stratum_quantile|Mesh integrity,3,0.05,59.0,59.0,0.9833333333333333,0.9833333333333333,0.0,0.0,
s1_absolute_volume__mm3_5,Mesh integrity,76,,,,,,,,,,,,,,mcnemar_exact,0.0,0.25,paired_rate_difference,0.03947368421052633,paired_rate_difference,0.0,0.09210526315789473,0.95,stratum_quantile,q3_most_fragmented,s1_absolute_volume__mm3_5|stratum_quantile|Mesh integrity,"[9.0, 12.0]","tertiles of original component count at q=[0.3333, 0.6667]",prespecified_quantile,0.75,False,s1_absolute_volume__mm3_5|stratum_quantile|Mesh integrity,3,0.05,60.0,63.0,0.7894736842105263,0.8289473684210527,3.0,0.0,inf
s1_absolute_volume__mm3_5,Connected components,248,11.165322580645162,10.0,5.87047155965919,7.399193548387097,7.0,3.320577384253604,-3.7661290322580645,-3.0,-3.5,226.0,0.0,22.0,4.862918937087248e-16,wilcoxon_signed_rank,0.0,5.013346948141075e-39,rank_biserial,-1.0,median_of_differences,-4.0,-3.0,0.95,stratum_anatomical,high_fragmentation,s1_absolute_volume__mm3_5|stratum_anatomical|Connected components,"[9.0, 12.0]",components <= 2 == low fragmentation,prespecified_anatomical,1.002669389628215e-38,True,s1_absolute_volume__mm3_5|stratum_anatomical|Connected components,2,0.05,,,,,,,
s1_absolute_volume__mm3_5,Connected components,2,2.0,2.0,0.0,2.0,2.0,0.0,0.0,0.0,0.0,0.0,0.0,2.0,,no_variation,,1.0,rank_biserial,0.0,median_of_differences,0.0,0.0,,stratum_anatomical,low_fragmentation,s1_absolute_volume__mm3_5|stratum_anatomical|Connected components,"[9.0, 12.0]",components <= 2 == low fragmentation,prespecified_anatomical,1.0,False,s1_absolute_volume__mm3_5|stratum_anatomical|Connected components,2,0.05,,,,,,,
s1_absolute_volume__mm3_5,clDice,248,0.8689448372958192,0.8751417314542562,0.05295700459532313,0.8712573012593435,0.8773862116267024,0.05253530959245092,0.0023124639635244072,0.0016151889432210464,0.0019162457101735975,21.0,199.0,28.0,1.3721338300001672e-12,wilcoxon_signed_rank,1450.0,9.788010412633145e-30,rank_biserial,0.8807075277663513,median_of_differences,0.0012479387499587657,0.0020227645482700507,0.95,stratum_anatomical,high_fragmentation,s1_absolute_volume__mm3_5|stratum_anatomical|clDice,"[9.0, 12.0]",components <= 2 == low fragmentation,prespecified_anatomical,1.957602082526629e-29,True,s1_absolute_volume__mm3_5|stratum_anatomical|clDice,2,0.05,,,,,,,
s1_absolute_volume__mm3_5,clDice,2,0.9411903557331831,0.9411903557331831,0.01597639885421455,0.9411903557331831,0.9411903557331831,0.01597639885421455,0.0,0.0,0.0,0.0,0.0,2.0,,no_variation,,1.0,rank_biserial,0.0,median_of_differences,0.0,0.0,,stratum_anatomical,low_fragmentation,s1_absolute_volume__mm3_5|stratum_anatomical|clDice,"[9.0, 12.0]",components <= 2 == low fragmentation,prespecified_anatomical,1.0,False,s1_absolute_volume__mm3_5|stratum_anatomical|clDice,2,0.05,,,,,,,
s1_absolute_volume__mm3_5,Dice,248,0.7872559694934089,0.7931839573982263,0.04597122198893331,0.7874439017040253,0.7933979536728348,0.045940425716117686,0.00018793221061629947,0.00012032923273785912,0.00016201700536985775,38.0,188.0,22.0,3.3394503632781615e-09,wilcoxon_signed_rank,3173.0,1.0288157781316828e-22,rank_biserial,0.7526022377295232,median_of_differences,9.569404561093897e-05,0.00017579091984054607,0.95,stratum_anatomical,high_fragmentation,s1_absolute_volume__mm3_5|stratum_anatomical|Dice,"[9.0, 12.0]",components <= 2 == low fragmentation,prespecified_anatomical,2.0576315562633657e-22,True,s1_absolute_volume__mm3_5|stratum_anatomical|Dice,2,0.05,,,,,,,
s1_absolute_volume__mm3_5,Dice,2,0.8495408675904026,0.8495408675904026,0.002855254364282034,0.8495408675904026,0.8495408675904026,0.002855254364282034,0.0,0.0,0.0,0.0,0.0,2.0,,no_variation,,1.0,rank_biserial,0.0,median_of_differences,0.0,0.0,,stratum_anatomical,low_fragmentation,s1_absolute_volume__mm3_5|stratum_anatomical|Dice,"[9.0, 12.0]",components <= 2 == low fragmentation,prespecified_anatomical,1.0,False,s1_absolute_volume__mm3_5|stratum_anatomical|Dice,2,0.05,,,,,,,
s1_absolute_volume__mm3_5,HD95 (mm),248,7.6157061549518446,5.723635435938503,6.3997201736786575,7.66825830421126,5.878456629022168,6.3315903527040085,0.052552149259414885,0.0,0.0,98.0,73.0,77.0,1.1194143095313107e-28,wilcoxon_signed_rank,7283.5,0.9146329093223012,rank_biserial,0.009451924384604923,median_of_differences,0.0,0.0,0.95,stratum_anatomical,high_fragmentation,s1_absolute_volume__mm3_5|stratum_anatomical|HD95 (mm),"[9.0, 12.0]",components <= 2 == low fragmentation,prespecified_anatomical,1.0,False,s1_absolute_volume__mm3_5|stratum_anatomical|HD95 (mm),2,0.05,,,,,,,
s1_absolute_volume__mm3_5,HD95 (mm),2,1.1904356828242624,1.1904356828242624,0.2138363837126545,1.1904356828242624,1.1904356828242624,0.2138363837126545,0.0,0.0,0.0,0.0,0.0,2.0,,no_variation,,1.0,rank_biserial,0.0,median_of_differences,0.0,0.0,,stratum_anatomical,low_fragmentation,s1_absolute_volume__mm3_5|stratum_anatomical|HD95 (mm),"[9.0, 12.0]",components <= 2 == low fragmentation,prespecified_anatomical,1.0,False,s1_absolute_volume__mm3_5|stratum_anatomical|HD95 (mm),2,0.05,,,,,,,
s1_absolute_volume__mm3_5,Mesh integrity,248,,,,,,,,,,,,,,mcnemar_exact,0.0,0.0625,paired_rate_difference,0.020161290322580627,paired_rate_difference,0.004032258064516129,0.04032258064516129,0.95,stratum_anatomical,high_fragmentation,s1_absolute_volume__mm3_5|stratum_anatomical|Mesh integrity,"[9.0, 12.0]",components <= 2 == low fragmentation,prespecified_anatomical,0.125,False,s1_absolute_volume__mm3_5|stratum_anatomical|Mesh integrity,2,0.05,226.0,231.0,0.9112903225806451,0.9314516129032258,5.0,0.0,inf
s1_absolute_volume__mm3_5,Mesh integrity,2,,,,,,,,,,,,,,mcnemar_exact,0.0,1.0,paired_rate_difference,0.0,paired_rate_difference,0.0,0.0,0.95,stratum_anatomical,low_fragmentation,s1_absolute_volume__mm3_5|stratum_anatomical|Mesh integrity,"[9.0, 12.0]",components <= 2 == low fragmentation,prespecified_anatomical,1.0,False,s1_absolute_volume__mm3_5|stratum_anatomical|Mesh integrity,2,0.05,2.0,2.0,1.0,1.0,0.0,0.0,
s2_relative_volume__frac_0.01,Connected components,114,6.807017543859649,7.0,1.913515936340103,3.4210526315789473,3.0,1.3690299960003673,-3.3859649122807016,-3.0,-3.5,108.0,0.0,6.0,0.0005685911336357287,wilcoxon_signed_rank,0.0,1.3983047780091745e-19,rank_biserial,-1.0,median_of_differences,-4.0,-3.0,0.95,stratum_quantile,q1_least_fragmented,s2_relative_volume__frac_0.01|stratum_quantile|Connected components,"[9.0, 12.0]","tertiles of original component count at q=[0.3333, 0.6667]",prespecified_quantile,4.1949143340275237e-19,True,s2_relative_volume__frac_0.01|stratum_quantile|Connected components,3,0.05,,,,,,,
s2_relative_volume__frac_0.01,Connected components,60,10.9,11.0,0.8772066606129533,4.45,4.0,1.534076214048205,-6.45,-6.0,-6.5,60.0,0.0,0.0,0.014023255899112344,wilcoxon_signed_rank,0.0,1.3022895114896006e-11,rank_biserial,-1.0,median_of_differences,-7.0,-6.0,0.95,stratum_quantile,q2_middle,s2_relative_volume__frac_0.01|stratum_quantile|Connected components,"[9.0, 12.0]","tertiles of original component count at q=[0.3333, 0.6667]",prespecified_quantile,1.3022895114896007e-11,True,s2_relative_volume__frac_0.01|stratum_quantile|Connected components,3,0.05,,,,,,,
s2_relative_volume__frac_0.01,Connected components,76,17.67105263157895,16.0,6.147927906527504,5.684210526315789,5.0,2.142960732667397,-11.986842105263158,-10.0,-10.5,76.0,0.0,0.0,8.738255128513785e-09,wilcoxon_signed_rank,0.0,3.351874528122955e-14,rank_biserial,-1.0,median_of_differences,-11.0,-9.5,0.95,stratum_quantile,q3_most_fragmented,s2_relative_volume__frac_0.01|stratum_quantile|Connected components,"[9.0, 12.0]","tertiles of original component count at q=[0.3333, 0.6667]",prespecified_quantile,5.027811792184432e-14,True,s2_relative_volume__frac_0.01|stratum_quantile|Connected components,3,0.05,,,,,,,
s2_relative_volume__frac_0.01,clDice,114,0.890938956399567,0.8951108967475137,0.04400603647629592,0.8949309243846967,0.8987097149034291,0.043830170284362244,0.003991967985129718,0.0025494703988451772,0.003629048147107794,24.0,82.0,8.0,0.029561577141658284,wilcoxon_signed_rank,1053.0,1.9290882234872875e-08,rank_biserial,0.6286369247046376,median_of_differences,0.001657988568737001,0.004666770957381439,0.95,stratum_quantile,q1_least_fragmented,s2_relative_volume__frac_0.01|stratum_quantile|clDice,"[9.0, 12.0]","tertiles of original component count at q=[0.3333, 0.6667]",prespecified_quantile,2.8936323352309314e-08,True,s2_relative_volume__frac_0.01|stratum_quantile|clDice,3,0.05,,,,,,,
s2_relative_volume__frac_0.01,clDice,60,0.8650953922774158,0.8721460818589555,0.046316593871573324,0.8703367070063375,0.8769656732628475,0.04657397329487064,0.005241314728921592,0.0042808137234325305,0.005212868355888828,13.0,47.0,0.0,0.6402314739512107,paired_t,5.478762663347138,9.297992031132394e-07,cohens_dz,0.7073052184322152,mean_of_differences,0.0033647558169165497,0.00705276835911631,0.95,stratum_quantile,q2_middle,s2_relative_volume__frac_0.01|stratum_quantile|clDice,"[9.0, 12.0]","tertiles of original component count at q=[0.3333, 0.6667]",prespecified_quantile,9.297992031132392e-07,True,s2_relative_volume__frac_0.01|stratum_quantile|clDice,3,0.05,,,,,,,
s2_relative_volume__frac_0.01,clDice,76,0.8408938920346568,0.8513607062659682,0.056822388873835464,0.8529350892614259,0.8590406711483629,0.05646893087050302,0.012041197226769032,0.01075747212056638,0.011458870277180594,3.0,73.0,0.0,0.05784308505315192,paired_t,11.111222882732124,1.639806099865026e-17,cohens_dz,1.2745446759206844,mean_of_differences,0.009908329044608406,0.014204198170394814,0.95,stratum_quantile,q3_most_fragmented,s2_relative_volume__frac_0.01|stratum_quantile|clDice,"[9.0, 12.0]","tertiles of original component count at q=[0.3333, 0.6667]",prespecified_quantile,4.919418299595078e-17,True,s2_relative_volume__frac_0.01|stratum_quantile|clDice,3,0.05,,,,,,,
s2_relative_volume__frac_0.01,Dice,114,0.8025058377321189,0.8053056225784532,0.039041166394424474,0.8035531373342398,0.805832767034387,0.038899888090224294,0.0010472996021208528,0.0006749148640568525,0.0009961986053217964,28.0,80.0,6.0,0.11806411682367102,paired_t,5.252169207298349,7.146531090800933e-07,cohens_dz,0.49191071595819064,mean_of_differences,0.0006664116365738624,0.0014343590640719436,0.95,stratum_quantile,q1_least_fragmented,s2_relative_volume__frac_0.01|stratum_quantile|Dice,"[9.0, 12.0]","tertiles of original component count at q=[0.3333, 0.6667]",prespecified_quantile,1.07197966362014e-06,True,s2_relative_volume__frac_0.01|stratum_quantile|Dice,3,0.05,,,,,,,
s2_relative_volume__frac_0.01,Dice,60,0.7828687315312227,0.798208771338633,0.046561056339133176,0.7841314772638918,0.7958094668611804,0.046789080739426406,0.0012627457326689685,0.0011759813793883467,0.0012696744050518516,12.0,48.0,0.0,0.44701368233819216,paired_t,5.007309301452912,5.30542659019413e-06,cohens_dz,0.6464408511278873,mean_of_differences,0.0007607365554390241,0.0017319609566342354,0.95,stratum_quantile,q2_middle,s2_relative_volume__frac_0.01|stratum_quantile|Dice,"[9.0, 12.0]","tertiles of original component count at q=[0.3333, 0.6667]",prespecified_quantile,5.30542659019413e-06,True,s2_relative_volume__frac_0.01|stratum_quantile|Dice,3,0.05,,,,,,,
s2_relative_volume__frac_0.01,Dice,76,0.76948385231857,0.7740530467315896,0.04871005464995994,0.7728733740526925,0.7789374119913313,0.0487780524608732,0.0033895217341225045,0.0029863158879738227,0.0032033205331321313,5.0,71.0,0.0,0.019530446251524745,wilcoxon_signed_rank,101.0,1.769301602786256e-12,rank_biserial,0.9309637730690362,median_of_differences,0.0025158851711983843,0.003793088889798235,0.95,stratum_quantile,q3_most_fragmented,s2_relative_volume__frac_0.01|stratum_quantile|Dice,"[9.0, 12.0]","tertiles of original component count at q=[0.3333, 0.6667]",prespecified_quantile,5.307904808358768e-12,True,s2_relative_volume__frac_0.01|stratum_quantile|Dice,3,0.05,,,,,,,
s2_relative_volume__frac_0.01,HD95 (mm),114,5.687312974912621,4.326461667265145,4.52644710628629,5.602749081790154,4.242428697141818,4.353016637850343,-0.0845638931224664,0.0,-0.05629213374223818,55.0,35.0,24.0,1.4407741975972746e-18,wilcoxon_signed_rank,1795.0,0.3096352978463236,rank_biserial,-0.12332112332112333,median_of_differences,-0.11769145830061722,0.0,0.95,stratum_quantile,q1_least_fragmented,s2_relative_volume__frac_0.01|stratum_quantile|HD95 (mm),"[9.0, 12.0]","tertiles of original component count at q=[0.3333, 0.6667]",prespecified_quantile,0.4644529467694854,False,s2_relative_volume__frac_0.01|stratum_quantile|HD95 (mm),3,0.05,,,,,,,
s2_relative_volume__frac_0.01,HD95 (mm),60,7.839011762261356,6.198222084995086,5.564886304586196,7.950078352967612,6.720953579703032,5.471380648145467,0.11106659070625463,0.0,-0.011206751282843319,29.0,27.0,4.0,8.990633920066768e-07,wilcoxon_signed_rank,783.0,0.9026168724545751,rank_biserial,-0.018796992481203006,median_of_differences,-0.16076952184708015,0.04841941344746381,0.95,stratum_quantile,q2_middle,s2_relative_volume__frac_0.01|stratum_quantile|HD95 (mm),"[9.0, 12.0]","tertiles of original component count at q=[0.3333, 0.6667]",prespecified_quantile,0.902616872454575,False,s2_relative_volume__frac_0.01|stratum_quantile|HD95 (mm),3,0.05,,,,,,,
s2_relative_volume__frac_0.01,HD95 (mm),76,10.162915959447183,7.776027840822456,8.275651855588686,9.913555405752872,7.808581877000222,8.051034824374009,-0.24936055369430865,-0.3848555408057619,-0.38939316858748174,49.0,27.0,0.0,3.30330614860655e-09,wilcoxon_signed_rank,928.0,0.005607631799226249,rank_biserial,-0.36568694463431306,median_of_differences,-0.6482178419284053,-0.21270955222525778,0.95,stratum_quantile,q3_most_fragmented,s2_relative_volume__frac_0.01|stratum_quantile|HD95 (mm),"[9.0, 12.0]","tertiles of original component count at q=[0.3333, 0.6667]",prespecified_quantile,0.016822895397678745,True,s2_relative_volume__frac_0.01|stratum_quantile|HD95 (mm),3,0.05,,,,,,,
s2_relative_volume__frac_0.01,Mesh integrity,114,,,,,,,,,,,,,,mcnemar_exact,0.0,0.5,paired_rate_difference,0.01754385964912286,paired_rate_difference,0.0,0.043859649122807015,0.95,stratum_quantile,q1_least_fragmented,s2_relative_volume__frac_0.01|stratum_quantile|Mesh integrity,"[9.0, 12.0]","tertiles of original component count at q=[0.3333, 0.6667]",prespecified_quantile,0.75,False,s2_relative_volume__frac_0.01|stratum_quantile|Mesh integrity,3,0.05,109.0,111.0,0.956140350877193,0.9736842105263158,2.0,0.0,inf
s2_relative_volume__frac_0.01,Mesh integrity,60,,,,,,,,,,,,,,mcnemar_exact,0.0,1.0,paired_rate_difference,0.01666666666666672,paired_rate_difference,0.0,0.05,0.95,stratum_quantile,q2_middle,s2_relative_volume__frac_0.01|stratum_quantile|Mesh integrity,"[9.0, 12.0]","tertiles of original component count at q=[0.3333, 0.6667]",prespecified_quantile,1.0,False,s2_relative_volume__frac_0.01|stratum_quantile|Mesh integrity,3,0.05,59.0,60.0,0.9833333333333333,1.0,1.0,0.0,inf
s2_relative_volume__frac_0.01,Mesh integrity,76,,,,,,,,,,,,,,mcnemar_exact,0.0,0.0078125,paired_rate_difference,0.10526315789473684,paired_rate_difference,0.039473684210526314,0.17105263157894737,0.95,stratum_quantile,q3_most_fragmented,s2_relative_volume__frac_0.01|stratum_quantile|Mesh integrity,"[9.0, 12.0]","tertiles of original component count at q=[0.3333, 0.6667]",prespecified_quantile,0.0234375,True,s2_relative_volume__frac_0.01|stratum_quantile|Mesh integrity,3,0.05,60.0,68.0,0.7894736842105263,0.8947368421052632,8.0,0.0,inf
s2_relative_volume__frac_0.01,Connected components,248,11.165322580645162,10.0,5.87047155965919,4.375,4.0,1.927979580586344,-6.790322580645161,-6.0,-6.0,244.0,0.0,4.0,5.721645581362433e-16,wilcoxon_signed_rank,0.0,7.427120465306433e-42,rank_biserial,-1.0,median_of_differences,-6.0,-5.0,0.95,stratum_anatomical,high_fragmentation,s2_relative_volume__frac_0.01|stratum_anatomical|Connected components,"[9.0, 12.0]",components <= 2 == low fragmentation,prespecified_anatomical,1.4854240930612866e-41,True,s2_relative_volume__frac_0.01|stratum_anatomical|Connected components,2,0.05,,,,,,,
s2_relative_volume__frac_0.01,Connected components,2,2.0,2.0,0.0,2.0,2.0,0.0,0.0,0.0,0.0,0.0,0.0,2.0,,no_variation,,1.0,rank_biserial,0.0,median_of_differences,0.0,0.0,,stratum_anatomical,low_fragmentation,s2_relative_volume__frac_0.01|stratum_anatomical|Connected components,"[9.0, 12.0]",components <= 2 == low fragmentation,prespecified_anatomical,1.0,False,s2_relative_volume__frac_0.01|stratum_anatomical|Connected components,2,0.05,,,,,,,
s2_relative_volume__frac_0.01,clDice,248,0.8689448372958192,0.8751417314542562,0.05295700459532313,0.8757379591638615,0.8810003229771719,0.05163936133300272,0.006793121868042459,0.00561953042430563,0.006266477270898296,40.0,202.0,6.0,7.021357495205652e-05,wilcoxon_signed_rank,3248.0,8.054614942168774e-26,rank_biserial,0.7790701629085467,median_of_differences,0.004212103743365669,0.006813790502960493,0.95,stratum_anatomical,high_fragmentation,s2_relative_volume__frac_0.01|stratum_anatomical|clDice,"[9.0, 12.0]",components <= 2 == low fragmentation,prespecified_anatomical,1.6109229884337549e-25,True,s2_relative_volume__frac_0.01|stratum_anatomical|clDice,2,0.05,,,,,,,
s2_relative_volume__frac_0.01,clDice,2,0.9411903557331831,0.9411903557331831,0.01597639885421455,0.9411903557331831,0.9411903557331831,0.01597639885421455,0.0,0.0,0.0,0.0,0.0,2.0,,no_variation,,1.0,rank_biserial,0.0,median_of_differences,0.0,0.0,,stratum_anatomical,low_fragmentation,s2_relative_volume__frac_0.01|stratum_anatomical|clDice,"[9.0, 12.0]",components <= 2 == low fragmentation,prespecified_anatomical,1.0,False,s2_relative_volume__frac_0.01|stratum_anatomical|clDice,2,0.05,,,,,,,
s2_relative_volume__frac_0.01,Dice,248,0.7872559694934089,0.7931839573982263,0.04597122198893331,0.7890816168740349,0.7946901878804691,0.04573265971500497,0.00182564738062591,0.0014677785723469783,0.0016777388409586202,45.0,199.0,4.0,4.310967932705593e-06,wilcoxon_signed_rank,4051.0,5.561430960218614e-23,rank_biserial,0.7289394446303111,median_of_differences,0.0012063491808949056,0.001839463745999137,0.95,stratum_anatomical,high_fragmentation,s2_relative_volume__frac_0.01|stratum_anatomical|Dice,"[9.0, 12.0]",components <= 2 == low fragmentation,prespecified_anatomical,1.1122861920437228e-22,True,s2_relative_volume__frac_0.01|stratum_anatomical|Dice,2,0.05,,,,,,,
s2_relative_volume__frac_0.01,Dice,2,0.8495408675904026,0.8495408675904026,0.002855254364282034,0.8495408675904026,0.8495408675904026,0.002855254364282034,0.0,0.0,0.0,0.0,0.0,2.0,,no_variation,,1.0,rank_biserial,0.0,median_of_differences,0.0,0.0,,stratum_anatomical,low_fragmentation,s2_relative_volume__frac_0.01|stratum_anatomical|Dice,"[9.0, 12.0]",components <= 2 == low fragmentation,prespecified_anatomical,1.0,False,s2_relative_volume__frac_0.01|stratum_anatomical|Dice,2,0.05,,,,,,,
s2_relative_volume__frac_0.01,HD95 (mm),248,7.6157061549518446,5.723635435938503,6.3997201736786575,7.527288048281066,6.000677120535599,6.2194165891346085,-0.08841810667077968,-0.09323233309520118,-0.11554944673187362,133.0,89.0,26.0,7.305570874025718e-22,wilcoxon_signed_rank,10131.5,0.019118022799401578,rank_biserial,-0.1813921544863249,median_of_differences,-0.20409079022797136,0.0,0.95,stratum_anatomical,high_fragmentation,s2_relative_volume__frac_0.01|stratum_anatomical|HD95 (mm),"[9.0, 12.0]",components <= 2 == low fragmentation,prespecified_anatomical,0.038236045598803156,True,s2_relative_volume__frac_0.01|stratum_anatomical|HD95 (mm),2,0.05,,,,,,,
s2_relative_volume__frac_0.01,HD95 (mm),2,1.1904356828242624,1.1904356828242624,0.2138363837126545,1.1904356828242624,1.1904356828242624,0.2138363837126545,0.0,0.0,0.0,0.0,0.0,2.0,,no_variation,,1.0,rank_biserial,0.0,median_of_differences,0.0,0.0,,stratum_anatomical,low_fragmentation,s2_relative_volume__frac_0.01|stratum_anatomical|HD95 (mm),"[9.0, 12.0]",components <= 2 == low fragmentation,prespecified_anatomical,1.0,False,s2_relative_volume__frac_0.01|stratum_anatomical|HD95 (mm),2,0.05,,,,,,,
s2_relative_volume__frac_0.01,Mesh integrity,248,,,,,,,,,,,,,,mcnemar_exact,0.0,0.0009765625,paired_rate_difference,0.04435483870967749,paired_rate_difference,0.020161290322580645,0.07258064516129033,0.95,stratum_anatomical,high_fragmentation,s2_relative_volume__frac_0.01|stratum_anatomical|Mesh integrity,"[9.0, 12.0]",components <= 2 == low fragmentation,prespecified_anatomical,0.001953125,True,s2_relative_volume__frac_0.01|stratum_anatomical|Mesh integrity,2,0.05,226.0,237.0,0.9112903225806451,0.9556451612903226,11.0,0.0,inf
s2_relative_volume__frac_0.01,Mesh integrity,2,,,,,,,,,,,,,,mcnemar_exact,0.0,1.0,paired_rate_difference,0.0,paired_rate_difference,0.0,0.0,0.95,stratum_anatomical,low_fragmentation,s2_relative_volume__frac_0.01|stratum_anatomical|Mesh integrity,"[9.0, 12.0]",components <= 2 == low fragmentation,prespecified_anatomical,1.0,False,s2_relative_volume__frac_0.01|stratum_anatomical|Mesh integrity,2,0.05,2.0,2.0,1.0,1.0,0.0,0.0,
s3_gap_bridge__gap_1.2mm,Connected components,114,6.807017543859649,7.0,1.913515936340103,5.0964912280701755,5.0,1.7797747607597474,-1.7105263157894737,-1.0,-1.5,94.0,0.0,20.0,1.55581812926493e-08,wilcoxon_signed_rank,0.0,1.3081413884227662e-17,rank_biserial,-1.0,median_of_differences,-2.0,-1.0,0.95,stratum_quantile,q1_least_fragmented,s3_gap_bridge__gap_1.2mm|stratum_quantile|Connected components,"[9.0, 12.0]","tertiles of original component count at q=[0.3333, 0.6667]",prespecified_quantile,3.9244241652682984e-17,True,s3_gap_bridge__gap_1.2mm|stratum_quantile|Connected components,3,0.05,,,,,,,
s3_gap_bridge__gap_1.2mm,Connected components,60,10.9,11.0,0.8772066606129533,7.083333333333333,7.0,1.639467324268658,-3.816666666666667,-4.0,-4.0,59.0,0.0,1.0,0.012846479026941585,wilcoxon_signed_rank,0.0,1.8659746797119243e-11,rank_biserial,-1.0,median_of_differences,-4.0,-3.0,0.95,stratum_quantile,q2_middle,s3_gap_bridge__gap_1.2mm|stratum_quantile|Connected components,"[9.0, 12.0]","tertiles of original component count at q=[0.3333, 0.6667]",prespecified_quantile,1.8659746797119243e-11,True,s3_gap_bridge__gap_1.2mm|stratum_quantile|Connected components,3,0.05,,,,,,,
s3_gap_bridge__gap_1.2mm,Connected components,76,17.67105263157895,16.0,6.147927906527504,10.578947368421053,10.0,3.2752125952157134,-7.092105263157895,-6.0,-6.5,76.0,0.0,0.0,2.0162718686712724e-07,wilcoxon_signed_rank,0.0,3.200418802095753e-14,rank_biserial,-1.0,median_of_differences,-7.0,-5.0,0.95,stratum_quantile,q3_most_fragmented,s3_gap_bridge__gap_1.2mm|stratum_quantile|Connected components,"[9.0, 12.0]","tertiles of original component count at q=[0.3333, 0.6667]",prespecified_quantile,4.800628203143629e-14,True,s3_gap_bridge__gap_1.2mm|stratum_quantile|Connected components,3,0.05,,,,,,,
s3_gap_bridge__gap_1.2mm,clDice,114,0.890938956399567,0.8951108967475137,0.04400603647629592,0.8919438791852713,0.8982903628072945,0.044179395311582034,0.0010049227857043298,0.0006087301377574739,0.0008081800896901359,16.0,73.0,25.0,5.053829539983281e-07,wilcoxon_signed_rank,718.0,1.4778878600594487e-07,rank_biserial,0.6414481897627965,median_of_differences,0.00041360652145222554,0.0009363214348436788,0.95,stratum_quantile,q1_least_fragmented,s3_gap_bridge__gap_1.2mm|stratum_quantile|clDice,"[9.0, 12.0]","tertiles of original component count at q=[0.3333, 0.6667]",prespecified_quantile,1.4778878600594487e-07,True,s3_gap_bridge__gap_1.2mm|stratum_quantile|clDice,3,0.05,,,,,,,
s3_gap_bridge__gap_1.2mm,clDice,60,0.8650953922774158,0.8721460818589555,0.046316593871573324,0.8675243164906796,0.8729925300611086,0.04657488073067558,0.0024289242132636874,0.001656133782073077,0.0019387797334107504,8.0,51.0,1.0,9.838097211028864e-07,wilcoxon_signed_rank,138.0,1.7169918865409302e-08,rank_biserial,0.8440677966101695,median_of_differences,0.0010037958098249428,0.002343387644593853,0.95,stratum_quantile,q2_middle,s3_gap_bridge__gap_1.2mm|stratum_quantile|clDice,"[9.0, 12.0]","tertiles of original component count at q=[0.3333, 0.6667]",prespecified_quantile,2.5754878298113953e-08,True,s3_gap_bridge__gap_1.2mm|stratum_quantile|clDice,3,0.05,,,,,,,
s3_gap_bridge__gap_1.2mm,clDice,76,0.8408938920346568,0.8513607062659682,0.056822388873835464,0.8445535120536538,0.8545515549874074,0.05672529674504617,0.0036596200189970784,0.0027443266804740296,0.0034017295948658988,5.0,71.0,0.0,0.002021549058025733,wilcoxon_signed_rank,104.0,1.9780538111291822e-12,rank_biserial,0.9289131920710868,median_of_differences,0.0022711044596872565,0.003630728100994407,0.95,stratum_quantile,q3_most_fragmented,s3_gap_bridge__gap_1.2mm|stratum_quantile|clDice,"[9.0, 12.0]","tertiles of original component count at q=[0.3333, 0.6667]",prespecified_quantile,5.934161433387547e-12,True,s3_gap_bridge__gap_1.2mm|stratum_quantile|clDice,3,0.05,,,,,,,
s3_gap_bridge__gap_1.2mm,Dice,114,0.8025058377321189,0.8053056225784532,0.039041166394424474,0.8025884996902404,0.8048729023839296,0.0390454047687584,8.266195812152019e-05,2.433302404802884e-05,7.709461248206484e-05,19.0,74.0,21.0,9.841562940396698e-10,wilcoxon_signed_rank,812.0,1.4196010148111242e-07,rank_biserial,0.6284603065660032,median_of_differences,1.2896736714895773e-05,0.0001003502067554729,0.95,stratum_quantile,q1_least_fragmented,s3_gap_bridge__gap_1.2mm|stratum_quantile|Dice,"[9.0, 12.0]","tertiles of original component count at q=[0.3333, 0.6667]",prespecified_quantile,2.1294015222166862e-07,True,s3_gap_bridge__gap_1.2mm|stratum_quantile|Dice,3,0.05,,,,,,,
s3_gap_bridge__gap_1.2mm,Dice,60,0.7828687315312227,0.798208771338633,0.046561056339133176,0.7830513425394174,0.7984399536326506,0.0465671651847521,0.0001826110081946756,0.00011224764935519049,0.00015939114466692605,11.0,48.0,1.0,0.007591933055290799,wilcoxon_signed_rank,220.0,5.183203376236625e-07,rank_biserial,0.751412429378531,median_of_differences,7.891258973080628e-05,0.0002010944203404419,0.95,stratum_quantile,q2_middle,s3_gap_bridge__gap_1.2mm|stratum_quantile|Dice,"[9.0, 12.0]","tertiles of original component count at q=[0.3333, 0.6667]",prespecified_quantile,5.183203376236625e-07,True,s3_gap_bridge__gap_1.2mm|stratum_quantile|Dice,3,0.05,,,,,,,
s3_gap_bridge__gap_1.2mm,Dice,76,0.76948385231857,0.7740530467315896,0.04871005464995994,0.7698266978285594,0.7743270537224427,0.04870502758698742,0.0003428455099895019,0.0002621743084520456,0.00032870714699123615,10.0,66.0,0.0,0.39914292636002385,paired_t,8.863507737616535,2.70674457560549e-13,cohens_dz,1.0167140661463503,mean_of_differences,0.0002676493519047289,0.0004199505166954568,0.95,stratum_quantile,q3_most_fragmented,s3_gap_bridge__gap_1.2mm|stratum_quantile|Dice,"[9.0, 12.0]","tertiles of original component count at q=[0.3333, 0.6667]",prespecified_quantile,8.120233726816469e-13,True,s3_gap_bridge__gap_1.2mm|stratum_quantile|Dice,3,0.05,,,,,,,
s3_gap_bridge__gap_1.2mm,HD95 (mm),114,5.687312974912621,4.326461667265145,4.52644710628629,5.702845153687776,4.368066107139657,4.391956399379399,0.015532178775153064,0.0,0.0,31.0,23.0,60.0,3.0565039862611384e-21,wilcoxon_signed_rank,718.0,0.8329260215044111,rank_biserial,0.032996632996632996,median_of_differences,0.0,0.0,0.95,stratum_quantile,q1_least_fragmented,s3_gap_bridge__gap_1.2mm|stratum_quantile|HD95 (mm),"[9.0, 12.0]","tertiles of original component count at q=[0.3333, 0.6667]",prespecified_quantile,0.8329260215044111,False,s3_gap_bridge__gap_1.2mm|stratum_quantile|HD95 (mm),3,0.05,,,,,,,
s3_gap_bridge__gap_1.2mm,HD95 (mm),60,7.839011762261356,6.198222084995086,5.564886304586196,7.958343497793875,6.319081628803204,5.555898093375771,0.11933173553251761,0.0,0.002938605954740936,26.0,23.0,11.0,8.937404447843396e-11,wilcoxon_signed_rank,541.0,0.47694075091631205,rank_biserial,0.11673469387755102,median_of_differences,-0.02767599998469361,0.002938605954740936,0.95,stratum_quantile,q2_middle,s3_gap_bridge__gap_1.2mm|stratum_quantile|HD95 (mm),"[9.0, 12.0]","tertiles of original component count at q=[0.3333, 0.6667]",prespecified_quantile,0.715411126374468,False,s3_gap_bridge__gap_1.2mm|stratum_quantile|HD95 (mm),3,0.05,,,,,,,
s3_gap_bridge__gap_1.2mm,HD95 (mm),76,10.162915959447183,7.776027840822456,8.275651855588686,10.216955124671586,7.7048734633964235,8.202452918532229,0.05403916522440303,-0.0321734760273813,-0.019955899309836322,42.0,27.0,7.0,2.1519598873003893e-10,wilcoxon_signed_rank,1088.0,0.4749278926011894,rank_biserial,-0.0989648033126294,median_of_differences,-0.055869437527572785,0.0,0.95,stratum_quantile,q3_most_fragmented,s3_gap_bridge__gap_1.2mm|stratum_quantile|HD95 (mm),"[9.0, 12.0]","tertiles of original component count at q=[0.3333, 0.6667]",prespecified_quantile,0.715411126374468,False,s3_gap_bridge__gap_1.2mm|stratum_quantile|HD95 (mm),3,0.05,,,,,,,
s3_gap_bridge__gap_1.2mm,Mesh integrity,114,,,,,,,,,,,,,,mcnemar_exact,0.0,0.5,paired_rate_difference,0.01754385964912286,paired_rate_difference,0.0,0.043859649122807015,0.95,stratum_quantile,q1_least_fragmented,s3_gap_bridge__gap_1.2mm|stratum_quantile|Mesh integrity,"[9.0, 12.0]","tertiles of original component count at q=[0.3333, 0.6667]",prespecified_quantile,0.75,False,s3_gap_bridge__gap_1.2mm|stratum_quantile|Mesh integrity,3,0.05,109.0,111.0,0.956140350877193,0.9736842105263158,2.0,0.0,inf
s3_gap_bridge__gap_1.2mm,Mesh integrity,60,,,,,,,,,,,,,,mcnemar_exact,0.0,1.0,paired_rate_difference,0.0,paired_rate_difference,0.0,0.0,0.95,stratum_quantile,q2_middle,s3_gap_bridge__gap_1.2mm|stratum_quantile|Mesh integrity,"[9.0, 12.0]","tertiles of original component count at q=[0.3333, 0.6667]",prespecified_quantile,1.0,False,s3_gap_bridge__gap_1.2mm|stratum_quantile|Mesh integrity,3,0.05,59.0,59.0,0.9833333333333333,0.9833333333333333,0.0,0.0,
s3_gap_bridge__gap_1.2mm,Mesh integrity,76,,,,,,,,,,,,,,mcnemar_exact,0.0,0.25,paired_rate_difference,0.03947368421052633,paired_rate_difference,0.0,0.09210526315789473,0.95,stratum_quantile,q3_most_fragmented,s3_gap_bridge__gap_1.2mm|stratum_quantile|Mesh integrity,"[9.0, 12.0]","tertiles of original component count at q=[0.3333, 0.6667]",prespecified_quantile,0.75,False,s3_gap_bridge__gap_1.2mm|stratum_quantile|Mesh integrity,3,0.05,60.0,63.0,0.7894736842105263,0.8289473684210527,3.0,0.0,inf
s3_gap_bridge__gap_1.2mm,Connected components,248,11.165322580645162,10.0,5.87047155965919,7.282258064516129,7.0,3.2682015603701613,-3.8830645161290325,-3.0,-3.5,229.0,0.0,19.0,9.659451827013277e-16,wilcoxon_signed_rank,0.0,1.6271103410305043e-39,rank_biserial,-1.0,median_of_differences,-4.0,-3.0,0.95,stratum_anatomical,high_fragmentation,s3_gap_bridge__gap_1.2mm|stratum_anatomical|Connected components,"[9.0, 12.0]",components <= 2 == low fragmentation,prespecified_anatomical,3.2542206820610085e-39,True,s3_gap_bridge__gap_1.2mm|stratum_anatomical|Connected components,2,0.05,,,,,,,
s3_gap_bridge__gap_1.2mm,Connected components,2,2.0,2.0,0.0,2.0,2.0,0.0,0.0,0.0,0.0,0.0,0.0,2.0,,no_variation,,1.0,rank_biserial,0.0,median_of_differences,0.0,0.0,,stratum_anatomical,low_fragmentation,s3_gap_bridge__gap_1.2mm|stratum_anatomical|Connected components,"[9.0, 12.0]",components <= 2 == low fragmentation,prespecified_anatomical,1.0,False,s3_gap_bridge__gap_1.2mm|stratum_anatomical|Connected components,2,0.05,,,,,,,
s3_gap_bridge__gap_1.2mm,clDice,248,0.8689448372958192,0.8751417314542562,0.05295700459532313,0.871115917020859,0.8773862116267024,0.05260984799997857,0.0021710797250398903,0.001384879471376499,0.0017413317738755874,29.0,195.0,24.0,9.052375511052865e-12,wilcoxon_signed_rank,2417.0,9.933736350703433e-26,rank_biserial,0.8081746031746032,median_of_differences,0.0009997080401915603,0.0018071072081334294,0.95,stratum_anatomical,high_fragmentation,s3_gap_bridge__gap_1.2mm|stratum_anatomical|clDice,"[9.0, 12.0]",components <= 2 == low fragmentation,prespecified_anatomical,1.9867472701406865e-25,True,s3_gap_bridge__gap_1.2mm|stratum_anatomical|clDice,2,0.05,,,,,,,
s3_gap_bridge__gap_1.2mm,clDice,2,0.9411903557331831,0.9411903557331831,0.01597639885421455,0.9411903557331831,0.9411903557331831,0.01597639885421455,0.0,0.0,0.0,0.0,0.0,2.0,,no_variation,,1.0,rank_biserial,0.0,median_of_differences,0.0,0.0,,stratum_anatomical,low_fragmentation,s3_gap_bridge__gap_1.2mm|stratum_anatomical|clDice,"[9.0, 12.0]",components <= 2 == low fragmentation,prespecified_anatomical,1.0,False,s3_gap_bridge__gap_1.2mm|stratum_anatomical|clDice,2,0.05,,,,,,,
s3_gap_bridge__gap_1.2mm,Dice,248,0.7872559694934089,0.7931839573982263,0.04597122198893331,0.7874432129711376,0.7933928505942449,0.04594049271675237,0.00018724347772877412,0.00011873868307821223,0.00016057088875703895,40.0,188.0,20.0,3.031466823959682e-09,wilcoxon_signed_rank,3297.0,1.3137363426142709e-22,rank_biserial,0.7474143874971271,median_of_differences,9.569404561093897e-05,0.00017579091984054607,0.95,stratum_anatomical,high_fragmentation,s3_gap_bridge__gap_1.2mm|stratum_anatomical|Dice,"[9.0, 12.0]",components <= 2 == low fragmentation,prespecified_anatomical,2.6274726852285417e-22,True,s3_gap_bridge__gap_1.2mm|stratum_anatomical|Dice,2,0.05,,,,,,,
s3_gap_bridge__gap_1.2mm,Dice,2,0.8495408675904026,0.8495408675904026,0.002855254364282034,0.8495408675904026,0.8495408675904026,0.002855254364282034,0.0,0.0,0.0,0.0,0.0,2.0,,no_variation,,1.0,rank_biserial,0.0,median_of_differences,0.0,0.0,,stratum_anatomical,low_fragmentation,s3_gap_bridge__gap_1.2mm|stratum_anatomical|Dice,"[9.0, 12.0]",components <= 2 == low fragmentation,prespecified_anatomical,1.0,False,s3_gap_bridge__gap_1.2mm|stratum_anatomical|Dice,2,0.05,,,,,,,
s3_gap_bridge__gap_1.2mm,HD95 (mm),248,7.6157061549518446,5.723635435938503,6.3997201736786575,7.66827691732835,5.878456629022168,6.331607992241715,0.05257076237650458,0.0,0.0,99.0,73.0,76.0,1.1171718957041943e-28,wilcoxon_signed_rank,7381.5,0.9299419647601528,rank_biserial,0.007729533539454228,median_of_differences,0.0,0.0,0.95,stratum_anatomical,high_fragmentation,s3_gap_bridge__gap_1.2mm|stratum_anatomical|HD95 (mm),"[9.0, 12.0]",components <= 2 == low fragmentation,prespecified_anatomical,1.0,False,s3_gap_bridge__gap_1.2mm|stratum_anatomical|HD95 (mm),2,0.05,,,,,,,
s3_gap_bridge__gap_1.2mm,HD95 (mm),2,1.1904356828242624,1.1904356828242624,0.2138363837126545,1.1904356828242624,1.1904356828242624,0.2138363837126545,0.0,0.0,0.0,0.0,0.0,2.0,,no_variation,,1.0,rank_biserial,0.0,median_of_differences,0.0,0.0,,stratum_anatomical,low_fragmentation,s3_gap_bridge__gap_1.2mm|stratum_anatomical|HD95 (mm),"[9.0, 12.0]",components <= 2 == low fragmentation,prespecified_anatomical,1.0,False,s3_gap_bridge__gap_1.2mm|stratum_anatomical|HD95 (mm),2,0.05,,,,,,,
s3_gap_bridge__gap_1.2mm,Mesh integrity,248,,,,,,,,,,,,,,mcnemar_exact,0.0,0.0625,paired_rate_difference,0.020161290322580627,paired_rate_difference,0.004032258064516129,0.04032258064516129,0.95,stratum_anatomical,high_fragmentation,s3_gap_bridge__gap_1.2mm|stratum_anatomical|Mesh integrity,"[9.0, 12.0]",components <= 2 == low fragmentation,prespecified_anatomical,0.125,False,s3_gap_bridge__gap_1.2mm|stratum_anatomical|Mesh integrity,2,0.05,226.0,231.0,0.9112903225806451,0.9314516129032258,5.0,0.0,inf
s3_gap_bridge__gap_1.2mm,Mesh integrity,2,,,,,,,,,,,,,,mcnemar_exact,0.0,1.0,paired_rate_difference,0.0,paired_rate_difference,0.0,0.0,0.95,stratum_anatomical,low_fragmentation,s3_gap_bridge__gap_1.2mm|stratum_anatomical|Mesh integrity,"[9.0, 12.0]",components <= 2 == low fragmentation,prespecified_anatomical,1.0,False,s3_gap_bridge__gap_1.2mm|stratum_anatomical|Mesh integrity,2,0.05,2.0,2.0,1.0,1.0,0.0,0.0,
s3c_closing__r_0.6mm,Connected components,114,6.807017543859649,7.0,1.913515936340103,5.06140350877193,5.0,1.761360534667711,-1.7456140350877194,-1.0,-1.5,94.0,0.0,20.0,4.349204661881862e-08,wilcoxon_signed_rank,0.0,1.4680317466420737e-17,rank_biserial,-1.0,median_of_differences,-2.0,-1.0,0.95,stratum_quantile,q1_least_fragmented,s3c_closing__r_0.6mm|stratum_quantile|Connected components,"[9.0, 12.0]","tertiles of original component count at q=[0.3333, 0.6667]",prespecified_quantile,4.4040952399262214e-17,True,s3c_closing__r_0.6mm|stratum_quantile|Connected components,3,0.05,,,,,,,
s3c_closing__r_0.6mm,Connected components,60,10.9,11.0,0.8772066606129533,6.966666666666667,7.0,1.6566933235700512,-3.933333333333333,-4.0,-4.0,59.0,0.0,1.0,0.008881396414539434,wilcoxon_signed_rank,0.0,1.7776018565981174e-11,rank_biserial,-1.0,median_of_differences,-4.0,-3.0,0.95,stratum_quantile,q2_middle,s3c_closing__r_0.6mm|stratum_quantile|Connected components,"[9.0, 12.0]","tertiles of original component count at q=[0.3333, 0.6667]",prespecified_quantile,1.7776018565981174e-11,True,s3c_closing__r_0.6mm|stratum_quantile|Connected components,3,0.05,,,,,,,
s3c_closing__r_0.6mm,Connected components,76,17.67105263157895,16.0,6.147927906527504,10.513157894736842,10.0,3.296436140450801,-7.157894736842105,-6.0,-6.5,76.0,0.0,0.0,3.1101760482674723e-07,wilcoxon_signed_rank,0.0,3.1862574575854015e-14,rank_biserial,-1.0,median_of_differences,-7.0,-6.0,0.95,stratum_quantile,q3_most_fragmented,s3c_closing__r_0.6mm|stratum_quantile|Connected components,"[9.0, 12.0]","tertiles of original component count at q=[0.3333, 0.6667]",prespecified_quantile,4.779386186378102e-14,True,s3c_closing__r_0.6mm|stratum_quantile|Connected components,3,0.05,,,,,,,
s3c_closing__r_0.6mm,clDice,114,0.890938956399567,0.8951108967475137,0.04400603647629592,0.8923813065523709,0.8990017938174908,0.04417634091318219,0.0014423501528039494,0.0011981336910051321,0.0012038206952846298,29.0,80.0,5.0,2.8841181981737253e-05,wilcoxon_signed_rank,1375.0,9.332167573667417e-07,rank_biserial,0.5412844036697247,median_of_differences,0.0006777604299664786,0.0014786636052814828,0.95,stratum_quantile,q1_least_fragmented,s3c_closing__r_0.6mm|stratum_quantile|clDice,"[9.0, 12.0]","tertiles of original component count at q=[0.3333, 0.6667]",prespecified_quantile,9.332167573667416e-07,True,s3c_closing__r_0.6mm|stratum_quantile|clDice,3,0.05,,,,,,,
s3c_closing__r_0.6mm,clDice,60,0.8650953922774158,0.8721460818589555,0.046316593871573324,0.8682726978857719,0.8735067374430001,0.046264318771981894,0.003177305608356007,0.0022134279381628152,0.002664689135382342,7.0,53.0,0.0,0.0002901821810977332,wilcoxon_signed_rank,126.0,6.310856184922302e-09,rank_biserial,0.8622950819672132,median_of_differences,0.001868632812483062,0.0030597524299997847,0.95,stratum_quantile,q2_middle,s3c_closing__r_0.6mm|stratum_quantile|clDice,"[9.0, 12.0]","tertiles of original component count at q=[0.3333, 0.6667]",prespecified_quantile,9.466284277383453e-09,True,s3c_closing__r_0.6mm|stratum_quantile|clDice,3,0.05,,,,,,,
s3c_closing__r_0.6mm,clDice,76,0.8408938920346568,0.8513607062659682,0.056822388873835464,0.8449464511123745,0.8539567440172591,0.05705332533210612,0.0040525590777176065,0.0038890318488959963,0.003867605137942237,12.0,63.0,1.0,0.08975657469369269,paired_t,8.42004396694128,1.8920578556965605e-12,cohens_dz,0.9658452829491149,mean_of_differences,0.0031198987603856167,0.00500305588153498,0.95,stratum_quantile,q3_most_fragmented,s3c_closing__r_0.6mm|stratum_quantile|clDice,"[9.0, 12.0]","tertiles of original component count at q=[0.3333, 0.6667]",prespecified_quantile,5.676173567089682e-12,True,s3c_closing__r_0.6mm|stratum_quantile|clDice,3,0.05,,,,,,,
s3c_closing__r_0.6mm,Dice,114,0.8025058377321189,0.8053056225784532,0.039041166394424474,0.8023384999261652,0.8054012274165552,0.039020461049928,-0.000167337805953693,-0.00015180890057586716,-0.0001748874048832505,84.0,30.0,0.0,8.094614743245372e-06,wilcoxon_signed_rank,1481.0,3.7859751064134744e-07,rank_biserial,-0.5481311975591152,median_of_differences,-0.0002590268015738542,-7.521846217578565e-05,0.95,stratum_quantile,q1_least_fragmented,s3c_closing__r_0.6mm|stratum_quantile|Dice,"[9.0, 12.0]","tertiles of original component count at q=[0.3333, 0.6667]",prespecified_quantile,1.1357925319240423e-06,True,s3c_closing__r_0.6mm|stratum_quantile|Dice,3,0.05,,,,,,,
s3c_closing__r_0.6mm,Dice,60,0.7828687315312227,0.798208771338633,0.046561056339133176,0.7827439759050118,0.7979861455242263,0.046542962823282824,-0.0001247556262109095,-0.0001787112112039413,-0.00014013055979233968,42.0,18.0,0.0,0.3939303467707625,paired_t,-2.334592031531747,0.02298798136855249,cohens_dz,-0.30139453527703325,mean_of_differences,-0.00022685555422375213,-2.376978962339989e-05,0.95,stratum_quantile,q2_middle,s3c_closing__r_0.6mm|stratum_quantile|Dice,"[9.0, 12.0]","tertiles of original component count at q=[0.3333, 0.6667]",prespecified_quantile,0.03448197205282874,True,s3c_closing__r_0.6mm|stratum_quantile|Dice,3,0.05,,,,,,,
s3c_closing__r_0.6mm,Dice,76,0.76948385231857,0.7740530467315896,0.04871005464995994,0.7696399870011256,0.773981359292825,0.048654265557172234,0.00015613468255562535,0.00014389065365344456,0.00012018190528906292,31.0,45.0,0.0,0.0012555927472655479,wilcoxon_signed_rank,1055.0,0.03465559364382122,rank_biserial,0.278879015721121,median_of_differences,-3.366470697585555e-05,0.00023755744761377873,0.95,stratum_quantile,q3_most_fragmented,s3c_closing__r_0.6mm|stratum_quantile|Dice,"[9.0, 12.0]","tertiles of original component count at q=[0.3333, 0.6667]",prespecified_quantile,0.03465559364382122,True,s3c_closing__r_0.6mm|stratum_quantile|Dice,3,0.05,,,,,,,
s3c_closing__r_0.6mm,HD95 (mm),114,5.687312974912621,4.326461667265145,4.52644710628629,5.70278835962666,4.368066107139657,4.387684963527712,0.015475384714038153,0.0,0.0,33.0,26.0,55.0,3.567630171357186e-21,wilcoxon_signed_rank,882.0,0.9819343033826566,rank_biserial,0.003389830508474576,median_of_differences,0.0,0.0,0.95,stratum_quantile,q1_least_fragmented,s3c_closing__r_0.6mm|stratum_quantile|HD95 (mm),"[9.0, 12.0]","tertiles of original component count at q=[0.3333, 0.6667]",prespecified_quantile,0.9819343033826566,False,s3c_closing__r_0.6mm|stratum_quantile|HD95 (mm),3,0.05,,,,,,,
s3c_closing__r_0.6mm,HD95 (mm),60,7.839011762261356,6.198222084995086,5.564886304586196,7.964218697615316,6.319081628803204,5.5548872793070325,0.12520693535395952,0.0,0.013156260079630222,25.0,26.0,9.0,9.636600868417337e-11,wilcoxon_signed_rank,561.0,0.33902493755245044,rank_biserial,0.15384615384615385,median_of_differences,-0.02567767363775353,0.019590706364986943,0.95,stratum_quantile,q2_middle,s3c_closing__r_0.6mm|stratum_quantile|HD95 (mm),"[9.0, 12.0]","tertiles of original component count at q=[0.3333, 0.6667]",prespecified_quantile,0.5085374063286756,False,s3c_closing__r_0.6mm|stratum_quantile|HD95 (mm),3,0.05,,,,,,,
s3c_closing__r_0.6mm,HD95 (mm),76,10.162915959447183,7.776027840822456,8.275651855588686,10.158947391810667,7.685978651441145,8.095181261766166,-0.003968567636515511,-0.0321734760273813,-0.02462115648855101,44.0,29.0,3.0,4.1034053132924433e-10,wilcoxon_signed_rank,1150.0,0.2703477566835292,rank_biserial,-0.14846353202517587,median_of_differences,-0.058120290669805286,2.742272312024126e-05,0.95,stratum_quantile,q3_most_fragmented,s3c_closing__r_0.6mm|stratum_quantile|HD95 (mm),"[9.0, 12.0]","tertiles of original component count at q=[0.3333, 0.6667]",prespecified_quantile,0.5085374063286756,False,s3c_closing__r_0.6mm|stratum_quantile|HD95 (mm),3,0.05,,,,,,,
s3c_closing__r_0.6mm,Mesh integrity,114,,,,,,,,,,,,,,mcnemar_exact,2.0,0.453125,paired_rate_difference,0.02631578947368418,paired_rate_difference,-0.017543859649122806,0.07017543859649122,0.95,stratum_quantile,q1_least_fragmented,s3c_closing__r_0.6mm|stratum_quantile|Mesh integrity,"[9.0, 12.0]","tertiles of original component count at q=[0.3333, 0.6667]",prespecified_quantile,0.625,False,s3c_closing__r_0.6mm|stratum_quantile|Mesh integrity,3,0.05,109.0,112.0,0.956140350877193,0.9824561403508771,5.0,2.0,2.5
s3c_closing__r_0.6mm,Mesh integrity,60,,,,,,,,,,,,,,mcnemar_exact,1.0,0.625,paired_rate_difference,-0.033333333333333326,paired_rate_difference,-0.1,0.03333333333333333,0.95,stratum_quantile,q2_middle,s3c_closing__r_0.6mm|stratum_quantile|Mesh integrity,"[9.0, 12.0]","tertiles of original component count at q=[0.3333, 0.6667]",prespecified_quantile,0.625,False,s3c_closing__r_0.6mm|stratum_quantile|Mesh integrity,3,0.05,59.0,57.0,0.9833333333333333,0.95,1.0,3.0,0.3333333333333333
s3c_closing__r_0.6mm,Mesh integrity,76,,,,,,,,,,,,,,mcnemar_exact,1.0,0.0018310546875,paired_rate_difference,0.1578947368421052,paired_rate_difference,0.06578947368421052,0.25,0.95,stratum_quantile,q3_most_fragmented,s3c_closing__r_0.6mm|stratum_quantile|Mesh integrity,"[9.0, 12.0]","tertiles of original component count at q=[0.3333, 0.6667]",prespecified_quantile,0.0054931640625,True,s3c_closing__r_0.6mm|stratum_quantile|Mesh integrity,3,0.05,60.0,72.0,0.7894736842105263,0.9473684210526315,13.0,1.0,13.0
s3c_closing__r_0.6mm,Connected components,248,11.165322580645162,10.0,5.87047155965919,7.217741935483871,7.0,3.2644831047549085,-3.9475806451612905,-3.0,-3.5,229.0,0.0,19.0,2.0918897487706315e-15,wilcoxon_signed_rank,0.0,1.6875069147788434e-39,rank_biserial,-1.0,median_of_differences,-4.0,-3.0,0.95,stratum_anatomical,high_fragmentation,s3c_closing__r_0.6mm|stratum_anatomical|Connected components,"[9.0, 12.0]",components <= 2 == low fragmentation,prespecified_anatomical,3.375013829557687e-39,True,s3c_closing__r_0.6mm|stratum_anatomical|Connected components,2,0.05,,,,,,,
s3c_closing__r_0.6mm,Connected components,2,2.0,2.0,0.0,2.0,2.0,0.0,0.0,0.0,0.0,0.0,0.0,2.0,,no_variation,,1.0,rank_biserial,0.0,median_of_differences,0.0,0.0,,stratum_anatomical,low_fragmentation,s3c_closing__r_0.6mm|stratum_anatomical|Connected components,"[9.0, 12.0]",components <= 2 == low fragmentation,prespecified_anatomical,1.0,False,s3c_closing__r_0.6mm|stratum_anatomical|Connected components,2,0.05,,,,,,,
s3c_closing__r_0.6mm,clDice,248,0.8689448372958192,0.8751417314542562,0.05295700459532313,0.871616208215457,0.8773338026526402,0.05265392974310669,0.002671370919637826,0.002028333607855426,0.002324748597319126,47.0,195.0,6.0,1.3492011262055148e-07,wilcoxon_signed_rank,3765.0,1.0987990915760467e-23,rank_biserial,0.7439036832976227,median_of_differences,0.0014915505058390455,0.0023572373848602113,0.95,stratum_anatomical,high_fragmentation,s3c_closing__r_0.6mm|stratum_anatomical|clDice,"[9.0, 12.0]",components <= 2 == low fragmentation,prespecified_anatomical,2.1975981831520935e-23,True,s3c_closing__r_0.6mm|stratum_anatomical|clDice,2,0.05,,,,,,,
s3c_closing__r_0.6mm,clDice,2,0.9411903557331831,0.9411903557331831,0.01597639885421455,0.9414707336118671,0.9414707336118671,0.016469786308597505,0.00028037787868395725,0.00028037787868395725,0.00028037787868395725,1.0,1.0,0.0,,wilcoxon_signed_rank,1.0,1.0,rank_biserial,0.3333333333333333,median_of_differences,-6.84997360625994e-05,0.0006292554934305139,0.95,stratum_anatomical,low_fragmentation,s3c_closing__r_0.6mm|stratum_anatomical|clDice,"[9.0, 12.0]",components <= 2 == low fragmentation,prespecified_anatomical,1.0,False,s3c_closing__r_0.6mm|stratum_anatomical|clDice,2,0.05,,,,,,,
s3c_closing__r_0.6mm,Dice,248,0.7872559694934089,0.7931839573982263,0.04597122198893331,0.7871981752142384,0.7929858359306166,0.045901690178819426,-5.779427917056784e-05,-9.374797560096626e-05,-8.474232930058556e-05,155.0,93.0,0.0,3.511215535739228e-07,wilcoxon_signed_rank,12018.0,0.0024919111845636923,rank_biserial,-0.22153128643606684,median_of_differences,-0.00016698891590555265,-4.192254244050897e-05,0.95,stratum_anatomical,high_fragmentation,s3c_closing__r_0.6mm|stratum_anatomical|Dice,"[9.0, 12.0]",components <= 2 == low fragmentation,prespecified_anatomical,0.004983822369127385,True,s3c_closing__r_0.6mm|stratum_anatomical|Dice,2,0.05,,,,,,,
s3c_closing__r_0.6mm,Dice,2,0.8495408675904026,0.8495408675904026,0.002855254364282034,0.849359552418979,0.849359552418979,0.0029869669107416112,-0.00018131517142361275,-0.00018131517142361275,-0.00018131517142361275,2.0,0.0,0.0,,wilcoxon_signed_rank,0.0,0.5,rank_biserial,-1.0,median_of_differences,-0.00027445000619252813,-8.818033665469738e-05,0.95,stratum_anatomical,low_fragmentation,s3c_closing__r_0.6mm|stratum_anatomical|Dice,"[9.0, 12.0]",components <= 2 == low fragmentation,prespecified_anatomical,0.5,False,s3c_closing__r_0.6mm|stratum_anatomical|Dice,2,0.05,,,,,,,
s3c_closing__r_0.6mm,HD95 (mm),248,7.6157061549518446,5.723635435938503,6.3997201736786575,7.651895666396452,5.878456629022168,6.280867209456376,0.036189511444607816,0.0,0.0,102.0,81.0,65.0,3.962156723747124e-28,wilcoxon_signed_rank,8334.5,0.9073626977469154,rank_biserial,-0.009919220717510098,median_of_differences,0.0,0.0,0.95,stratum_anatomical,high_fragmentation,s3c_closing__r_0.6mm|stratum_anatomical|HD95 (mm),"[9.0, 12.0]",components <= 2 == low fragmentation,prespecified_anatomical,1.0,False,s3c_closing__r_0.6mm|stratum_anatomical|HD95 (mm),2,0.05,,,,,,,
s3c_closing__r_0.6mm,HD95 (mm),2,1.1904356828242624,1.1904356828242624,0.2138363837126545,1.1904356828242624,1.1904356828242624,0.2138363837126545,0.0,0.0,0.0,0.0,0.0,2.0,,no_variation,,1.0,rank_biserial,0.0,median_of_differences,0.0,0.0,,stratum_anatomical,low_fragmentation,s3c_closing__r_0.6mm|stratum_anatomical|HD95 (mm),"[9.0, 12.0]",components <= 2 == low fragmentation,prespecified_anatomical,1.0,False,s3c_closing__r_0.6mm|stratum_anatomical|HD95 (mm),2,0.05,,,,,,,
s3c_closing__r_0.6mm,Mesh integrity,248,,,,,,,,,,,,,,mcnemar_exact,6.0,0.01463329792022705,paired_rate_difference,0.05241935483870974,paired_rate_difference,0.016028225806452506,0.09274193548387097,0.95,stratum_anatomical,high_fragmentation,s3c_closing__r_0.6mm|stratum_anatomical|Mesh integrity,"[9.0, 12.0]",components <= 2 == low fragmentation,prespecified_anatomical,0.0292665958404541,True,s3c_closing__r_0.6mm|stratum_anatomical|Mesh integrity,2,0.05,226.0,239.0,0.9112903225806451,0.9637096774193549,19.0,6.0,3.1666666666666665
s3c_closing__r_0.6mm,Mesh integrity,2,,,,,,,,,,,,,,mcnemar_exact,0.0,1.0,paired_rate_difference,0.0,paired_rate_difference,0.0,0.0,0.95,stratum_anatomical,low_fragmentation,s3c_closing__r_0.6mm|stratum_anatomical|Mesh integrity,"[9.0, 12.0]",components <= 2 == low fragmentation,prespecified_anatomical,1.0,False,s3c_closing__r_0.6mm|stratum_anatomical|Mesh integrity,2,0.05,2.0,2.0,1.0,1.0,0.0,0.0,
