case_id,plain_dice@0.5,attention_dice@0.5,difference_dice@0.5,plain_cldice@0.5,attention_cldice@0.5,difference_cldice@0.5,plain_precision@0.5,attention_precision@0.5,difference_precision@0.5,plain_recall@0.5,attention_recall@0.5,difference_recall@0.5,plain_hd95@0.5,attention_hd95@0.5,difference_hd95@0.5
1000,0.7718426904286573,0.7841487639174053,0.012306073488748015,0.8825337431511426,0.896689029431023,0.014155286279880386,0.6796729840208101,0.7057904384146159,0.02611745439380575,0.8929322517650593,0.8820790145711281,-0.010853237193931164,2.2617373029247685,2.26635812911667,0.004620826191901628
751,0.748709336318965,0.7646604461471915,0.015951109828226562,0.8675463986075528,0.8625976166172692,-0.0049487819902835906,0.7244004453404749,0.7353299462221826,0.010929500881707743,0.7747063555913113,0.7964279967819791,0.021721641190667773,5.823223054465179,8.464554426585313,2.641331372120134
752,0.7603049413968189,0.7582567580878938,-0.002048183308925089,0.8656306310790766,0.8528463043779931,-0.012784326701083426,0.7247670590860905,0.6985583903754408,-0.026208668710649752,0.7995076165563932,0.8291121711032466,0.0296045545468534,7.17817584643875,8.947321050772443,1.769145204333693
753,0.7583210639376312,0.7687141811204524,0.01039311718282121,0.9161756493395484,0.9062682696383894,-0.00990737970115907,0.7019213583556747,0.7405389629341376,0.03861760457846286,0.8245761377355519,0.7991181565272164,-0.025457981208335534,3.6470304140580527,5.4766980404638055,1.8296676264057528
754,0.8443397836251323,0.8639282228652637,0.019588439240131428,0.9397081066345223,0.9480815447087098,0.008373438074187445,0.8285054083922173,0.8505158114759626,0.022010403083745245,0.8607912042030549,0.8777704324832122,0.0169792282801573,0.6594653605516958,0.5,-0.1594653605516958
755,0.7680246395072099,0.7661699366964181,-0.0018547028107918084,0.8493164234558094,0.8436066905215597,-0.0057097329342497005,0.6861175629801679,0.6754246100519931,-0.010692952928174848,0.8721384447674418,0.8850835755813954,0.012945130813953543,9.254137797332659,9.901787215270222,0.6476494179375631
756,0.7260954812822032,0.7393484272770195,0.013252945994816301,0.8185704798273286,0.8316498316498316,0.013079351822503082,0.7675696519811048,0.769720518702308,0.0021508667212031263,0.6888735075272538,0.7112822287593009,0.02240872123204707,5.080459574539039,3.041724412033762,-2.0387351625052768
757,0.8427983077914437,0.8609104996929914,0.01811219190154767,0.931825007146036,0.9616905919826176,0.029865584836581638,0.779871931143546,0.8273342886847059,0.047462357541159905,0.9167707920641209,0.8973272788224179,-0.019443513241703014,0.946441732556738,0.508232998977831,-0.438208733578907
758,0.8173098289015629,0.8461103859416704,0.028800557040107533,0.9177329924240187,0.9489529555078601,0.03121996308384134,0.7771321924079161,0.8441861369202659,0.0670539445123498,0.8618683121143482,0.8480434273217214,-0.01382488479262678,1.5198274534568883,0.6045608111795392,-0.9152666422773491
759,0.6988450187074434,0.7057681574413356,0.006923138733892165,0.8354895269912732,0.8305024790682445,-0.004987047923028731,0.7424085320693231,0.7889967988714666,0.04658826680214345,0.6601106330669945,0.6384230397752217,-0.021687593291772722,7.971270572961073,5.228718288618006,-2.742552284343067
760,0.7497500202686269,0.7638670105248484,0.014116990256221484,0.8311597663568568,0.8675553324902345,0.03639556613337769,0.7154683309263462,0.7505273250239693,0.03505899409762314,0.787482259437979,0.7776894692023844,-0.00979279023559465,5.8517658926600955,4.291416988085055,-1.560348904575041
761,0.7937584803256446,0.7908047890567556,-0.0029536912688890027,0.8981779757221167,0.886223096762605,-0.011954878959511639,0.7501001736342995,0.735244040862656,-0.014856132771643438,0.8428129783593961,0.8554491700933458,0.012636191733949698,3.0914211563009335,4.966365217921775,1.874944061620842
762,0.7246898702771674,0.7473259892020897,0.022636118924922344,0.8313300678516157,0.8404558404558405,0.009125772604224869,0.618777842339725,0.6502811122929646,0.0315032699532396,0.8743457288495091,0.8784167493414525,0.004071020491943411,7.655011032010051,6.599301572893907,-1.0557094591161436
763,0.7420125039678706,0.7540661106647086,0.012053606696838082,0.7722011272185453,0.7960651662865886,0.023864039068043352,0.6364260517531192,0.6485320751120007,0.012106023358881557,0.8896022238400954,0.9006221457409491,0.011019921900853769,11.97153333490609,9.878289169883018,-2.093244165023071
764,0.8463253332338373,0.8543170275327453,0.007991694298908003,0.9602830970798829,0.9598966644371515,-0.00038643264273141575,0.79063768974712,0.8147123088128186,0.024074619065698633,0.9104519547242514,0.897969013406117,-0.012482941318134433,0.5,0.5,0.0
765,0.7287481951273006,0.7542865635043005,0.025538368376999854,0.8688721681524495,0.8750951241773237,0.0062229560248742155,0.6977704665569984,0.7332153562786666,0.03544488972166826,0.7626042383903298,0.7766046974217734,0.014000459031443646,7.660725009760592,6.576994777731817,-1.083730232028775
766,0.7956253417701742,0.8061685636813015,0.010543221911127332,0.8799973714949579,0.8863929299583639,0.006395558463406004,0.8007170036793609,0.8314606741573034,0.030743670477942464,0.7905980252126933,0.7823697447680557,-0.008228280444637637,6.435407720803373,5.6156692508124,-0.8197384699909733
767,0.709335541295798,0.7135594632886074,0.00422392199280941,0.8501450537518873,0.8227230212881508,-0.027422032463736534,0.7347656417513615,0.74435992175614,0.009594280004778466,0.6856068184546437,0.685206674402785,-0.0004001440518586197,4.114922718688144,5.714310838158107,1.599388119469963
768,0.7893887112602488,0.7978088782692089,0.008420167008960089,0.9075668210915868,0.908105808750402,0.0005389876588152154,0.7767256416645901,0.8060235819620981,0.029297940297507985,0.802471519598378,0.7897599279140117,-0.012711591684366308,2.887419594354327,1.6533177167913764,-1.2341018775629506
769,0.7892867750558519,0.803306704820953,0.014019929765101136,0.8836456596823875,0.8734938672113223,-0.010151792471065235,0.7281911978459266,0.7577037462824582,0.029512548436531616,0.8615731604172541,0.8547504933746828,-0.006822667042571284,3.122514881010002,3.3207008045001305,0.19818592349012842
770,0.8180249911006855,0.8404643508746825,0.022439359773997025,0.908041917005912,0.931867523748944,0.023825606743032024,0.858316733067729,0.8627641798718348,0.0044474468041058035,0.781346445572004,0.8192882425764154,0.03794179700441147,1.716546883462552,0.9613185220213173,-0.7552283614412346
771,0.8231311795453115,0.8309197154471545,0.00778853590184303,0.9052479701443876,0.9033250282313717,-0.0019229419130158965,0.7790725397866126,0.7925122675228691,0.013439727736256457,0.8724717976103064,0.8732394366197183,0.0007676390094119023,3.44716813504786,12.679774395216295,9.232606260168435
772,0.7463204868154159,0.7648750946252839,0.018554607809868062,0.8105287482668599,0.8208010456540006,0.010272297387140639,0.6371848157384317,0.6704217045119434,0.03323688877351172,0.9005678480516938,0.8903074211866067,-0.010260426865087102,6.761008081785097,5.934064323990192,-0.826943757794905
773,0.8220982220219735,0.8351409978308026,0.013042775808829177,0.9455736695109233,0.9470463032931797,0.0014726337822564828,0.8300381425622003,0.8514357053682896,0.021397562806089288,0.8143087644615332,0.8194582718253287,0.005149507363795491,0.8406427884967327,0.9060079317061486,0.06536514320941589
774,0.837294260910555,0.8222945666816345,-0.014999694228920557,0.9186164759488428,0.875541129750565,-0.0430753461982778,0.8095635990732652,0.7613553684648166,-0.0482082306084487,0.8669920683343502,0.8938377059182429,0.02684563758389269,1.2734375,3.2962067274798166,2.0227692274798166
775,0.764844038121858,0.7786529496865455,0.013808911564687554,0.8697259883322149,0.8786358133706326,0.00890982503841764,0.7355884109916367,0.7740182958494787,0.038429884857841934,0.7965231453406104,0.7833434404689711,-0.01317970487163933,9.034116085621566,11.714829747863247,2.680713662241681
776,0.7119203690216072,0.7124364689047157,0.0005160998831085228,0.8250969573794417,0.8193321047721123,-0.005764852607329396,0.642375208108187,0.6513579355770098,0.008982727468822782,0.7983519674749529,0.7861550747785683,-0.012196892696384576,8.800758553786869,8.62853561096601,-0.17222294282085926
777,0.7924275672257969,0.7937805651995371,0.001352997973740222,0.8882196382360916,0.8818568052905973,-0.006362832945494334,0.7986355798785516,0.8030440365586524,0.004408456680100814,0.7863153232949512,0.784728373191615,-0.0015869501033362043,4.278188810685201,4.376231295906827,0.09804248522162595
778,0.7672514158296663,0.7806077917956042,0.013356375965937972,0.8497188102407239,0.8631195204012302,0.013400710160506257,0.7044095800572484,0.7198361015584985,0.015426521501250123,0.8424040211456799,0.852586879278967,0.01018285813328712,9.848121084328806,8.723393959952375,-1.124727124376431
779,0.7814400627820286,0.8023056416168312,0.020865578834802556,0.8664883301712766,0.8867983466151377,0.0203100164438611,0.7552551739083324,0.7964409349698166,0.041185761061484194,0.8095058358980315,0.8082573601997561,-0.001248475698275353,5.993024449614894,3.5600534705100464,-2.4329709791048475
780,0.7709113686188538,0.7737688991438461,0.002857530524992269,0.8739565379436551,0.848592306899177,-0.025364231044478158,0.7890903495499192,0.76742225327006,-0.021668096279859217,0.7535511363636364,0.780221394984326,0.026670258620689613,4.339490646805139,5.457388099575177,1.1178974527700385
781,0.744223172803373,0.75735905538001,0.013135882576637004,0.8567928009640653,0.8420841266063779,-0.014708674357687412,0.6720760017743604,0.6927025896490094,0.020626587874648994,0.833723116430504,0.8353281056541477,0.0016049892236437158,6.160484445521766,5.249129620058263,-0.9113548254635031
782,0.7823013624713342,0.7765456316639311,-0.005755730807403103,0.8310123529019313,0.8237145194788847,-0.0072978334230465736,0.6985473029945313,0.6875886189620947,-0.010958684032436605,0.888875264400233,0.8919407743478127,0.003065509947579703,10.645301892748671,10.537654568837606,-0.10764732391106513
783,0.7595262615859938,0.7710325047801148,0.011506243194120969,0.8654077193818804,0.8872888831325313,0.021881163750650856,0.7262432299359921,0.7410697193613844,0.01482648942539233,0.7960064759848894,0.8035202789655029,0.007513802980613549,3.067448163467484,2.225301177825431,-0.8421469856420534
784,0.7536278554895843,0.7872326622407716,0.033604806751187266,0.8649093326679953,0.8828977231926224,0.017988390524627085,0.644186766679283,0.7104328480543304,0.0662460813750474,0.9078653864804578,0.8826495975172146,-0.02521578896324317,5.710025838065709,4.76873092620106,-0.9412949118646488
785,0.7903189993338761,0.8230623619728679,0.0327433626389918,0.9008764115597244,0.9266861088887333,0.02580969732900884,0.700778788939447,0.7688491576207083,0.06807036868126126,0.9060926627821463,0.8855009334163036,-0.020591729365842637,2.1229139074046204,0.6728338452402505,-1.45008006216437
786,0.7899801966438523,0.8156133962365688,0.025633199592716482,0.8854799831225744,0.9149046644534916,0.029424681330917246,0.7121202630754776,0.755006476038657,0.042886212963179404,0.8869558433452956,0.8867998127633016,-0.00015603058199409325,3.527887684736191,1.6640076128586778,-1.8638800718775133
787,0.7463744763132453,0.7820545133763007,0.03568003706305545,0.8469825402721961,0.8716081419668279,0.024625601694631793,0.6767763764995386,0.7464174026598852,0.06964102616034662,0.8319280069573108,0.8212651718531403,-0.010662835104170543,4.876023557481394,2.95576931874343,-1.9202542387379644
788,0.7645854521919455,0.7919244804061558,0.027339028214210304,0.8486301097766066,0.8863068337012466,0.037676723924640054,0.7329197265130413,0.7597990714666261,0.026879344953584794,0.7991109638587481,0.826886440818355,0.027775476959606915,4.42124346749058,3.8335545241077034,-0.5876889433828767
789,0.8387256472232738,0.8523900516968108,0.013664404473537006,0.9520155513951161,0.949627754860552,-0.0023877965345641128,0.8169801151675035,0.844149747682197,0.02716963251469351,0.8616604338070306,0.8607928197456993,-0.0008676140613312899,0.821056210488204,0.7208698359013921,-0.1001863745868119
790,0.809189257526775,0.8014239549311352,-0.007765302595639789,0.9100064996630908,0.885794519142506,-0.02421198052058482,0.8003286770747741,0.760536586965791,-0.0397920901089831,0.8182482285046387,0.8469574110599751,0.028709182555336388,4.316847227191409,6.959386445110145,2.6425392179187357
791,0.7741840792036934,0.7899543378995434,0.015770258695850026,0.86736501621649,0.8781631629596497,0.010798146743159709,0.6912153629887303,0.699292039533634,0.008076676544903627,0.8797877179681577,0.9076269901440486,0.027839272175890883,2.5798082809777867,2.0134814789353355,-0.5663268020424512
792,0.7879063513406628,0.8148014657295609,0.026895114388898134,0.8806547423943683,0.8918553754075662,0.011200633013197958,0.7489286519810541,0.7834122675291672,0.03448361554811308,0.8311639549436796,0.848811013767209,0.01764705882352946,2.7410313002488254,2.0185015357207514,-0.7225297645280739
793,0.6739463508353802,0.7211357146705457,0.047189363835165477,0.7445617119000871,0.8064965844137739,0.06193487251368679,0.5507373107039231,0.6325016539079482,0.08176434320402515,0.8681704260651629,0.8386591478696742,-0.02951127819548871,23.737892556159345,11.126548397049515,-12.61134415910983
794,0.8238776324885353,0.8370759115828083,0.013198279094272958,0.9028149461030507,0.9107546417335047,0.007939695630454047,0.8207849147380061,0.8354948007944853,0.014709886056479271,0.8269937451133699,0.8386630179827991,0.011669272869429204,2.309199271530018,1.729226107514053,-0.5799731640159651
795,0.7182669976775847,0.7659547473038697,0.04768774962628497,0.7467212216417637,0.7979177009339724,0.05119647929220872,0.6313529494579755,0.7032305661256504,0.07187761666767489,0.8329309063893017,0.8409639673105498,0.008033060921248114,19.544776663608165,11.18259346946095,-8.362183194147214
796,0.7502565328010571,0.779475848523906,0.02921931572284886,0.8317803941910032,0.8385275400172691,0.006747145826265899,0.7086863000239,0.8015652612976522,0.09287896127375217,0.7970075259825589,0.7585712579142276,-0.038436268068331225,6.091614807441354,3.5510025542971664,-2.5406122531441873
797,0.7424657031092174,0.7465583872059268,0.004092684096709376,0.8794352115182358,0.8663390330846512,-0.013096178433584571,0.7399787678002709,0.7223351828238619,-0.017643584976409055,0.744969411070981,0.7724625930566816,0.02749318198570061,3.597409310175826,3.45531880697879,-0.1420905031970361
798,0.6740022136857868,0.6638508442291169,-0.010151369456669945,0.8261987917689259,0.7642616780277204,-0.061937113741205474,0.7695891361451157,0.7157398932964261,-0.05384924284868964,0.5995366795366796,0.618976833976834,0.019440154440154456,11.284618738840425,14.799819314438563,3.515200575598138
799,0.8151148775426519,0.8254184483041334,0.010303570761481473,0.9148760706851955,0.9169033051573835,0.002027234472188,0.8375424529506397,0.8618464375082313,0.02430398455759164,0.7938571013650886,0.7919450091974054,-0.001912092167683177,1.81640625,1.4978469655564157,-0.3185592844435843
800,0.8170398930587625,0.8222062958266718,0.005166402767909362,0.9124685055496168,0.9165033676210201,0.004034862071403356,0.818205956542904,0.8217623203737988,0.0035563638308948597,0.8158771484676655,0.8226507512741875,0.006773602806522061,1.893384196892172,2.39129669127916,0.4979124943869877
801,0.7702267125328421,0.7830462863293864,0.012819573796544304,0.8814652528262203,0.8795315502679102,-0.0019337025583101575,0.7340974803800082,0.7419552246417461,0.007857744261737909,0.8100962908096405,0.8289556150646686,0.01885932425502812,3.277259943803331,3.270623137569936,-0.006636806233395021
802,0.8146835723381872,0.8192829912298822,0.004599418891695017,0.9330163371979231,0.9192796998427839,-0.013736637355139192,0.7590013411740432,0.7750222064309824,0.016020865256939243,0.8791826003824091,0.8689053537284895,-0.010277246653919603,1.3626263201190743,1.5406479777698245,0.1780216576507503
803,0.8022566364609803,0.8092419686659281,0.006985332204947792,0.8711148496086035,0.8526116217843313,-0.018503227824272273,0.7812675091825936,0.7808214994655672,-0.00044600971702635217,0.8244046641484645,0.8398094925275086,0.015404828379044111,3.3938861405129113,5.616869968215769,2.222983827702858
804,0.7266179786625383,0.7420942144596524,0.015476235797114102,0.7922007542662493,0.7873963590652651,-0.004804395200984191,0.787668734038672,0.8025718333393875,0.014903099300715539,0.6743503248375812,0.6900924537731135,0.015742128935532285,6.928628283619935,6.137110667883831,-0.7915176157361046
805,0.6453776502589709,0.6840567845647199,0.038679134305748986,0.7401821545179778,0.7449765963397882,0.004794441821810436,0.5341557440246724,0.5656655794202721,0.031509835395599706,0.8150971810438138,0.8651230646148054,0.05002588357099158,20.756734191889247,19.009911968209057,-1.7468222236801907
806,0.802734344307378,0.7877871456500489,-0.014947198657329075,0.8910377592987462,0.8465468610635332,-0.04449089823521302,0.7906206469586752,0.7553453224767149,-0.035275324481960246,0.8152250239387169,0.8231407596552824,0.007915735716565564,1.971634946016012,2.8684805304590335,0.8968455844430214
807,0.7435533848012185,0.7654418903581343,0.021888505556915794,0.8247394177334182,0.8393753850108979,0.014635967277479733,0.6745759481608539,0.7187283326057369,0.04415238444488301,0.8282438282438283,0.8186498186498187,-0.009594009594009578,11.913899440482185,10.272322892962443,-1.6415765475197421
808,0.6823544681679538,0.7054472763618191,0.02309280819386539,0.7489184094977939,0.7646502319657964,0.015731822468002532,0.6225516898372925,0.7015306846903132,0.07897899485302073,0.7548676124289242,0.7094078456148412,-0.045459766814083036,11.932954652176388,6.954814577023693,-4.978140075152695
809,0.7102750190985485,0.7203179334326876,0.010042914334139064,0.8217005362051097,0.814317673378076,-0.007382862827033709,0.6116273332785133,0.6990572101992715,0.08742987692075821,0.8468632585676876,0.7429124444950472,-0.1039508140726404,11.04138461538468,14.178391962325016,3.137007346940335
810,0.8076157403942582,0.8222204485593423,0.01460470816508408,0.8821272924645127,0.9054094781191377,0.02328218565462503,0.7523145566090351,0.8125315497223624,0.06021699311332729,0.8716921386797635,0.8321432033345181,-0.039548935345245395,3.668291136657674,1.73270261266637,-1.935588523991304
811,0.7992296002046374,0.8033006924742991,0.004071092269661736,0.8911807675291318,0.8647660341382509,-0.02641473339088085,0.817093806725533,0.8331645890020882,0.01607078227655523,0.7821298150547767,0.7755035928849099,-0.006626222169866858,2.5735856117894644,2.546875,-0.026710611789464433
812,0.8232598109424234,0.8364943189911141,0.013234508048690752,0.8840524112507202,0.8932048406575801,0.009152429406859897,0.7574822826575037,0.7914291045549727,0.033946821897469004,0.9015475415930848,0.8870015800724974,-0.014545961520587403,4.0078125,2.8948976024906736,-1.1129148975093264
813,0.7383184190021959,0.7624169723406364,0.024098553338440576,0.8154028046583688,0.8422026044377516,0.02679979977938285,0.5974169882694585,0.6364727302822146,0.03905574201275608,0.9661970090223705,0.9505005561735261,-0.015696452848844356,6.661738322450578,7.8399870459780425,1.1782487235274646
814,0.8016740398721725,0.8272057515037192,0.025531711631546772,0.8721915911945245,0.894495811134834,0.02230421994030951,0.7396541593217494,0.7921248750340816,0.052470715712332194,0.8750465503115767,0.8655378733334989,-0.00950867697807789,9.402864807736314,5.082954434307866,-4.319910373428448
815,0.7736067216526632,0.7563471101910676,-0.017259611461595603,0.8482590373487521,0.8293350291923473,-0.018924008156404826,0.7854738984112076,0.7135609580892092,-0.07191294032199846,0.7620927936821322,0.8045915913635558,0.04249879768142362,8.72941900104295,10.11794799050366,1.3885289894607098
816,0.7974917763157895,0.766469962271452,-0.03102181404433746,0.8667183968587621,0.8433459097544418,-0.023372487104320272,0.7590998043052838,0.6926910299003323,-0.06640877440495152,0.8399740147249892,0.8578388912949328,0.017864876569943622,3.626766923655874,8.002532814923834,4.37576589126796
817,0.7520246681670772,0.7308346393677682,-0.02119002879930909,0.8220778064630998,0.7967968515127498,-0.025280954950349988,0.7033979777888281,0.6500860176781159,-0.05331196011071215,0.8078738958269875,0.8344882729211087,0.026614377094121178,7.40246437290689,9.380467155877685,1.978002782970795
818,0.8347227211356233,0.8070214266941474,-0.027701294441475843,0.888548806634254,0.8757150597342418,-0.012833746900012155,0.8328142765336892,0.9110243597751405,0.07821008324145129,0.836639932460954,0.7243314379360862,-0.1123084945248678,4.295763439102923,6.900010548459158,2.604247109356235
819,0.8664480721826892,0.8696115080679506,0.0031634358852614675,0.9391680349055758,0.9308041341063776,-0.008363900799198132,0.818249698034479,0.8341465628758823,0.01589686484140329,0.9206800266870938,0.9082260495688057,-0.012453977118288106,0.7268617075445172,0.7268617075445172,0.0
820,0.7945793863519071,0.8116452864720137,0.01706590012010667,0.825836305685216,0.8465698743170582,0.02073356863184217,0.7338704717387293,0.7611722077426737,0.027301736003944366,0.8662383389596718,0.8692874514501434,0.0030491124904715727,5.221851637837664,4.758193048106368,-0.4636585897312955
821,0.805037637521714,0.7651933701657458,-0.03984426735596813,0.8744011817067167,0.8720940503480619,-0.0023071313586547904,0.862576001985358,0.9371361132966168,0.07456011131125884,0.7546954728042558,0.6465638909998914,-0.10813158180436433,5.916474524481383,5.746347345270733,-0.1701271792106498
822,0.8095453140969268,0.8213983449313522,0.01185303083442546,0.8737019606569696,0.8748298447366915,0.0011278840797218637,0.7635059403721138,0.7672830288123682,0.0037770884402543725,0.8614933225414811,0.8837262242007284,0.022232901659247295,3.796766491505058,4.55617428211054,0.7594077906054819
823,0.8050186977947087,0.8159024557788082,0.010883757984099462,0.8960209124568959,0.9217253723808674,0.025704459923971523,0.7645887273451504,0.7630902666238355,-0.001498460721314876,0.8499630996309963,0.8765682656826568,0.026605166051660523,2.0511264134396194,1.9931523398877469,-0.05797407355187256
824,0.7679762477261798,0.7992343402785417,0.031258092552361894,0.8247846090660318,0.8630976706170822,0.03831306155105041,0.6748612795355161,0.7312879977452994,0.05642671820978329,0.890899388764917,0.881100223149316,-0.009799165615601013,15.486182175697994,5.865048394595583,-9.621133781102412
825,0.7868246171626697,0.7975200125568984,0.010695395394228702,0.9126925898752751,0.9010756513354365,-0.011616938539838584,0.6702106713920063,0.6883191655095336,0.01810849411752735,0.9525675108437106,0.947903549274754,-0.004663961568956654,3.0511886184536854,3.0,-0.051188618453685386
826,0.7747258503876511,0.7776866134266857,0.0029607630390345863,0.8619780860632297,0.8611433351047638,-0.0008347509584658575,0.7920556993662412,0.8335385276816947,0.04148282831545347,0.758138104270262,0.72884947283881,-0.029288631431451995,3.6612465077502447,3.339338869002553,-0.32190763874769157
827,0.7969299825441246,0.799381095792004,0.0024511132478793884,0.9147444679210356,0.9232405327234522,0.008496064802416603,0.8265417552732915,0.8265813382092452,3.958293595363038e-05,0.7693665739353734,0.7739139738925743,0.004547399957200882,3.105269745982223,1.8090788023967475,-1.2961909435854755
828,0.7706453068592057,0.79038110370669,0.019735796847484277,0.8400446422844534,0.8581229085410131,0.018078266256559727,0.6978668628172122,0.746661887265884,0.04879502444867179,0.8603707995365005,0.8395385157942465,-0.020832283742253987,10.219485381844164,7.449137070622599,-2.770348311221565
829,0.816562821959476,0.8288625598371675,0.012299737877691452,0.9081022271060677,0.8968717844618197,-0.011230442644247995,0.7679424181604263,0.7966236777278656,0.028681259567439277,0.8717559251014796,0.8638208720701847,-0.007935053031294936,2.3163272014336753,2.665461108769603,0.34913390733592786
830,0.8099618747747577,0.8325854068401856,0.022623532065427887,0.8941854480245897,0.8929840830543125,-0.001201364970277119,0.7385333794534763,0.7634122426110099,0.024878863157533626,0.8966864054428625,0.9155432363193482,0.01885683087648571,2.47964450803216,1.8856246018654286,-0.5940199061667313
831,0.7967613891552664,0.8322451157236859,0.03548372656841947,0.8512899018296362,0.8893600886206344,0.03807018679099827,0.71004521754181,0.7696536816878906,0.059608464146080564,0.9076050884955752,0.9059181415929204,-0.0016869469026548067,4.529332311709687,2.429507371026397,-2.09982494068329
832,0.8169513164237048,0.8288905041961276,0.011939187772422866,0.9439049316510071,0.9459466669037816,0.0020417352527745125,0.731363127449151,0.7506463040980468,0.019283176648895783,0.9252264746672961,0.92534450706719,0.00011803239989383041,1.0546875,0.6112251560646453,-0.44346234393535466
833,0.8275681341719078,0.8378429220881016,0.01027478791619385,0.9065145469372062,0.9116910920978661,0.005176545160659907,0.7742651936888864,0.7956352160061929,0.02137002231730656,0.888752772903354,0.8847796576499023,-0.003973115253451676,2.295722101174337,2.1794608487110874,-0.11626125246324959
834,0.8061681274149467,0.821221304737249,0.015053177322302269,0.8883558801633805,0.9131304067777047,0.02477452661432422,0.8000607931163487,0.8497575095853541,0.04969671646900542,0.8123694207027541,0.7945394112060779,-0.017830009496676236,2.7635227985411377,2.171608009668469,-0.5919147888726686
835,0.7696953060664288,0.7773413730154339,0.007646066949005159,0.8724388385844847,0.880850483298048,0.008411644713563371,0.7161586923207901,0.7280577527546545,0.01189906043386435,0.8318829113924051,0.8337816455696202,0.001898734177215089,3.3984375,3.038254029673642,-0.360183470326358
836,0.8263473053892215,0.841239945065725,0.01489263967650345,0.9176902417505477,0.927813398187044,0.010123156436496306,0.7767133130324699,0.8489348222063832,0.07222150917391323,0.8827578161455903,0.8336833100015555,-0.04907450614403486,1.1855002178833889,1.03483481158347,-0.15066540629991887
837,0.7986942627110507,0.8029697942827343,0.0042755315716835884,0.8727738813123431,0.8601307436135659,-0.01264313769877723,0.7369833194117498,0.7412897504117573,0.0043064310000074935,0.871684330279624,0.8758457577390576,0.004161427459433598,3.7735913759862516,3.7897569665909248,0.016165590604673152
838,0.7634807417974322,0.7924198642564344,0.02893912245900221,0.8535486893667958,0.8742178719522081,0.020669182585412282,0.7068768160605794,0.7731191607933126,0.06624234473273316,0.8299390054791688,0.8127089148488921,-0.017230090630276695,7.663197479106544,3.857260182528871,-3.805937296577673
839,0.8155440593802447,0.835097178454981,0.019553119074736336,0.9366126518499541,0.9562876647548836,0.019675012904929456,0.7442212959454338,0.7967674661105318,0.052546170165097994,0.901986298748517,0.8773010830877569,-0.024685215660760096,0.9096531603145852,0.6045608111795392,-0.305092349135046
840,0.7945978856478663,0.8014588358373775,0.006860950189511272,0.8965058341217282,0.8876853148369414,-0.008820519284786887,0.771662008170286,0.8168651146259108,0.045203106455624864,0.8189389617798061,0.7866229321163719,-0.032316029663434165,3.395427905884986,3.9314168808135017,0.5359889749285158
841,0.7852128576706762,0.8271519452979617,0.04193908762728549,0.8836459335609186,0.9266181169651481,0.04297218340422948,0.7225643156662007,0.7974715233445988,0.07490720767839809,0.8597563716456151,0.8591270733132558,-0.0006292983323593626,2.8769869365375667,0.8095744354916121,-2.0674125010459545
842,0.7147566354561634,0.7462995055408048,0.031542870084641406,0.8039862145208483,0.8550096369237389,0.051023422402890595,0.6920610183714448,0.7415716136370818,0.04951059526563695,0.7389912954429083,0.7510880696364567,0.012096774193548376,8.545326620044591,5.659412153470673,-2.885914466573918
843,0.7495960647732577,0.7610784240709019,0.011482359297644185,0.8473687424433018,0.8367984007381208,-0.010570341705181008,0.6819429019402887,0.7141160027952481,0.03217310085495939,0.8321508290816326,0.8146524234693877,-0.017498405612244916,2.842912105645885,2.29600124218206,-0.5469108634638249
844,0.80818219009955,0.8350283317389064,0.026846141639356502,0.8438518941516943,0.8751883387311887,0.03133644457949447,0.7439431598503679,0.8235499041978749,0.07960674434750703,0.8845637183199498,0.8468312486939908,-0.037732469625959,9.987132192327731,3.8242172537343855,-6.162914938593346
845,0.7964591838166183,0.8032149995777146,0.0067558157610962954,0.9223851393391622,0.8962130278983708,-0.026172111440791457,0.8159763143522378,0.8258365173092509,0.009860202957013064,0.7778538937907601,0.781799747903765,0.003945854113004965,2.5,4.666439260284997,2.1664392602849967
846,0.8128720040975644,0.8301967265554193,0.01732472245785488,0.9383392710331598,0.9483148245105177,0.009975553477357901,0.7785634536657983,0.7996850285870793,0.021121574921281083,0.8503436553100289,0.863129110930456,0.0127854556204271,1.0561513279077985,0.66796875,-0.38818257790779853
847,0.8100958333950499,0.8413072232796722,0.031211389884622354,0.8523676374314483,0.8816965582340982,0.029328920802649927,0.7544972961041828,0.8487550854353133,0.09425778933113049,0.8745402795100579,0.8339889347276855,-0.04055134478237232,3.6775264022781844,2.282299897530039,-1.3952265047481456
848,0.7805913809374017,0.7748648648648648,-0.005726516072536825,0.9071001088139281,0.9115919059378571,0.004491797123928998,0.7739369996881172,0.7924267551133223,0.018489755425205034,0.7873611845584347,0.7580645161290323,-0.029296668429402484,2.276321731434289,2.1426199645527437,-0.13370176688154523
849,0.7558812092932827,0.7569533641438089,0.0010721548505261413,0.878180200369101,0.8835324924108419,0.005352292041740814,0.753318155396241,0.745419296876847,-0.007898858519393981,0.7584617635583301,0.7688499804916114,0.010388216933281291,4.263678106160049,2.8204004747882716,-1.4432776313717777
850,0.6888280870432404,0.6865243226911069,-0.0023037643521335305,0.7683868401925424,0.7479199594429368,-0.020466880749605676,0.6286874533233756,0.6187536876503427,-0.009933765673032946,0.7616920205847424,0.7709664649663519,0.009274444381609515,11.344091956528587,14.173444076408405,2.829352119879818
851,0.8286743581558667,0.8103147831369603,-0.018359575018906393,0.9319185448585449,0.9328115977532415,0.0008930528946966554,0.7652012801077985,0.7825294880503921,0.0173282079425936,0.903630034808553,0.8401458644123985,-0.0634841703961545,0.6640625,1.0536815225562999,0.3896190225562999
852,0.7631641545747464,0.7882430045654999,0.025078849990753493,0.8132101159747268,0.850582848847039,0.03737273287231224,0.7253463230155794,0.7681150007577233,0.04276867774214388,0.805142361744844,0.8094542799780982,0.004311918233254164,5.704066298336815,4.009733278912399,-1.6943330194244162
853,0.8213904903041584,0.8469529867881206,0.025562496483962138,0.8489314447201882,0.8919947314503147,0.04306328673012649,0.7656155245603395,0.8187243022959648,0.05310877773562528,0.88593037308487,0.8771977700674438,-0.008732603017426177,8.622235921705892,3.3541019662496847,-5.268133955456207
854,0.7120892619510697,0.733065164923572,0.02097590297250229,0.8418249401118926,0.8616347778984402,0.019809837786547657,0.6716746485400896,0.6808383457242126,0.00916369718412302,0.7576787348059077,0.793970287108439,0.03629155230253123,7.907615876896954,5.348055705497238,-2.559560171399716
855,0.7815016053346505,0.7716120533508974,-0.009889551983753075,0.848713184769153,0.8091562633647639,-0.039556921404389156,0.8291104415039958,0.7771696637998436,-0.051940777704152175,0.7390634123554829,0.7661333644750672,0.027069952119584295,5.414830013264114,13.84637511601485,8.431545102750736
856,0.8315879153286585,0.8344333166190082,0.002845401290349714,0.886630688303642,0.8862430902132803,-0.0003875980903617071,0.7790711952651097,0.8056420589851622,0.026570863720052462,0.8916966494265797,0.8653586687654599,-0.02633798066111981,3.2773094129980147,3.1372927167894793,-0.1400166962085354
857,0.7798757708061395,0.7789832136386458,-0.0008925571674937016,0.8827078945018463,0.8718335164529633,-0.010874378048883027,0.7239888016045463,0.7050061243036074,-0.018982677300938833,0.8451126719344454,0.8703053360647741,0.025192664130328724,3.8660824967765364,5.29078284161229,1.4247003448357538
858,0.7308558926297227,0.7462236161736034,0.015367723543880718,0.833658663161121,0.8540298259892402,0.020371162828119127,0.7361202473358769,0.7820061827097324,0.045885935373855546,0.7256662992023863,0.7135724012709941,-0.012093897931392261,12.734058661715046,13.198070311404898,0.4640116496898514
859,0.8000996417641337,0.8200852325365944,0.01998559077246065,0.8751374021051189,0.9051143132013826,0.02997691109626366,0.722766335912218,0.7663803850948885,0.04361404918267053,0.8959645067878111,0.8818841157248745,-0.014080391062936681,5.172620212301524,1.842419160184893,-3.330201052116631
860,0.7900574236726715,0.7982499861549538,0.008192562482282284,0.8496700005429492,0.8578411945866412,0.008171194043692043,0.8268640600136394,0.8539858399739313,0.02712177996029186,0.7563879285695719,0.749343661459281,-0.007044267110290936,7.223547196096823,4.616927936373558,-2.6066192597232654
861,0.6841479268663735,0.7034987838451875,0.019350856978814,0.8594518322144781,0.8374503368457419,-0.02200149536873619,0.8200928381962864,0.8053855569155447,-0.014707281280741724,0.5868647083946282,0.624495800313197,0.037631091918568726,4.281192751666256,7.4698296568622675,3.1886369051960113
862,0.7678356013629342,0.7751949991702163,0.00735939780728212,0.8479486370028412,0.8615645035018303,0.01361586649898916,0.808886808017301,0.860000981932443,0.05111417391514206,0.7307498640456002,0.7056134061108985,-0.02513645793470165,5.613274454153855,5.826493910002191,0.21321945584833646
863,0.7691166490427865,0.816482582837723,0.04736593379493648,0.8514042705679385,0.9027023430287202,0.05129807246078166,0.7388114008489994,0.8106284268241248,0.0718170259751254,0.8020144169053026,0.8224219084296106,0.020407491524307986,15.432995944174085,3.5019923397832255,-11.93100360439086
864,0.8049442342162916,0.8235603207766699,0.018616086560378275,0.8905465116533801,0.8995035863320433,0.008957074678663246,0.7402074128339553,0.7605601257047786,0.020352712870823297,0.8820897558314009,0.8979402537170919,0.01585049788569093,4.201245876992361,2.7716051301081577,-1.429640746884203
865,0.7212918660287081,0.7569572523464076,0.035665386317699554,0.8013876018723122,0.8454213975361364,0.04403379566382426,0.6314349412241589,0.6951072638313888,0.06367232260722988,0.8409663487493252,0.8308889688680943,-0.010077379881230919,7.969240181002202,6.908271744151977,-1.0609684368502244
866,0.8232920362692389,0.8099173553719008,-0.013374680897338065,0.9140491147915476,0.8837144549954836,-0.03033465979606398,0.7948261117445838,0.7997810455077007,0.004954933763116842,0.8538726553528135,0.8203138956233252,-0.0335587597294883,1.642112420976408,7.545390768839884,5.903278347863475
867,0.755707394816931,0.7703085432493669,0.014601148432435873,0.846523181599342,0.8588555620715398,0.012332380472197757,0.8327790441313853,0.8314661295833409,-0.001312914548044386,0.6916929188845264,0.7175313086795264,0.025838389794999972,6.39008094685249,5.951862926321194,-0.43821802053129577
868,0.71462985871476,0.7497774429911662,0.035147584276406185,0.7947346137562065,0.7982492516231031,0.0035146378668966527,0.6102524185477594,0.6646230423697949,0.0543706238220355,0.8620797989318253,0.8599591580270185,-0.002120640904806792,6.805696502402418,7.577858236641647,0.7721617342392291
869,0.6941503252457148,0.710191119984122,0.016040794738407138,0.8025174099649107,0.8068802866992146,0.004362876734303911,0.8274564183835182,0.8277316641719962,0.00027524578847792913,0.5978367547231537,0.62188190071154,0.024045145988386363,3.6534136342414514,3.660625220089203,0.0072115858477515005
870,0.7058248249422994,0.7165939379643826,0.010769113022083276,0.7499986020164514,0.7664790848654088,0.016480482848957423,0.6426256366420914,0.6550943396226415,0.01246870298055014,0.7828105340795696,0.7908369126643239,0.008026378584754301,7.768223523586741,8.91855047653704,1.1503269529502997
871,0.7841946207313387,0.8125039330438613,0.02830931231252254,0.8469839927165969,0.8658064034071806,0.01882241069058377,0.7393720082060634,0.7950431034482759,0.055671095242212476,0.8348024707244884,0.8307489383605714,-0.004053532363917034,6.329687822919211,4.08278532957138,-2.2469024933478305
872,0.7584539065729641,0.7858438435905007,0.02738993701753667,0.8214826596513362,0.8395546976055525,0.018072037954216302,0.6618209364403723,0.6962924203916878,0.034471483951315496,0.8881305063413689,0.9018297995933778,0.013699293252008915,11.387668466587057,10.586256761437113,-0.8014117051499436
873,0.7842511472674176,0.8545945831838044,0.07034343591638681,0.8178434112163832,0.9008694837314842,0.08302607251510108,0.8025144613545646,0.8856292796044716,0.08311481824990696,0.7668005955415962,0.8256613163100895,0.05886072076849336,13.9648037712727,1.5561001747658312,-12.40870359650687
874,0.7470709594382299,0.7601830928790776,0.013112133440847717,0.8066786697090368,0.8222655444763145,0.015586874767277714,0.6768528998182255,0.7003309490765454,0.023478049258319866,0.8335445176550093,0.8312214901165738,-0.002323027538435496,9.440664742294155,9.736483405828837,0.295818663534682
875,0.7884901885668071,0.7883833388284427,-0.0001068497383643896,0.8878305225900479,0.8957259823601934,0.007895459770145496,0.7373029772329247,0.717367934198355,-0.01993504303456972,0.8473149757570213,0.8750038117891014,0.027688836032080055,2.7509243885383468,3.1702960934152697,0.419371704876923
876,0.7587952003918047,0.757807241889891,-0.0009879585019136883,0.8569930723344861,0.8482733805482419,-0.00871969178624421,0.8034294406416372,0.8308674316496328,0.0274379910079956,0.7188592285564045,0.6965572705620341,-0.022301957994370403,6.353922547674096,7.233955866914211,0.8800333192401153
877,0.7650276740893294,0.7981675565223123,0.03313988243298294,0.8571472017923126,0.8823420874592534,0.025194885666940725,0.7201623652005331,0.767752979964494,0.04759061476396087,0.8158544955387783,0.8310912834591626,0.015236787920384298,7.825063280183648,3.831300006702202,-3.993763273481446
878,0.7746758249864756,0.7932161558216323,0.018540330835156715,0.8853433486024765,0.9087843711637856,0.02344102256130909,0.7535159613483433,0.7843479981531561,0.030832036804812835,0.7970584266630684,0.8022871407367427,0.005228714073674312,3.222618370989507,2.392278361323498,-0.830340009666009
879,0.844554584583279,0.8646012781328146,0.020046693549535588,0.9564431929782504,0.974418475344614,0.017975282366363587,0.7859778597785978,0.8524738370500247,0.06649597727142686,0.9125655335700997,0.8770787530300468,-0.03548678054005294,0.657586034741671,0.5330922217539206,-0.12449381298775042
880,0.7380221196177387,0.7624281788658506,0.0244060592481119,0.8390862944162437,0.8528558949845922,0.013769600568348528,0.668937594892358,0.7249406175771972,0.05600302268483914,0.8230194463071175,0.804004214963119,-0.019015231343998518,6.462632977355282,5.322417214010942,-1.1402157633443402
881,0.7320717438952861,0.7571347885311804,0.02506304463589437,0.8092634454326154,0.8692947138891577,0.060031268456542275,0.66860268410962,0.7379857512953368,0.06938306718571685,0.808854628555836,0.777304045296405,-0.03155058325943105,7.172569091719388,2.521069055890836,-4.651500035828551
882,0.8237040028267124,0.8321445947764516,0.008440591949739229,0.9029644839875101,0.8995114055334074,-0.003453078454102698,0.842231305999422,0.8740648921363953,0.03183358613697329,0.8059742774166782,0.7940612837584211,-0.011912993658257043,2.5155764746872635,3.321332563896606,0.8057560892093423
883,0.7769818775229752,0.78827065566895,0.011288778145974843,0.8918422256511254,0.9045769242818207,0.012734698630695318,0.7740169068072145,0.7989939067592461,0.02497699995203162,0.779969650986343,0.7778314250241413,-0.002138225962201701,4.251574806088564,2.9394959339268047,-1.312078872161759
884,0.8094906539553318,0.8392627757609606,0.029772121805628826,0.9021764613190977,0.944370988292425,0.04219452697332737,0.721879925490758,0.7743880443184746,0.052508118827716665,0.9213044803413594,0.9160012191405059,-0.0053032612008534485,1.3126293300306224,0.5,-0.8126293300306224
885,0.7903281269795305,0.7919306252852579,0.0016024983057274511,0.8996277370575041,0.8895559196571494,-0.010071817400354677,0.7950622678610444,0.803772605988734,0.00871033812768962,0.7856500305854414,0.7804325141232773,-0.005217516462164062,4.495690348958922,7.415368772348933,2.9196784233900113
886,0.64844555956035,0.6621120889300602,0.013666529369710245,0.7160898927849212,0.7341404958677686,0.01805060308284745,0.5731235084875501,0.5898223495702005,0.016698841082650406,0.7465614827414294,0.7545969090002639,0.008035426258834466,12.971037157578468,11.720709989659792,-1.2503271679186767
887,0.753313072655994,0.743825687864949,-0.00948738479104505,0.809792424235088,0.7849126902755249,-0.02487973395956311,0.8166519694297472,0.811612167488906,-0.005039801940841193,0.6990920338023443,0.686489546855669,-0.012602486946675318,6.737204397649156,11.83481436480232,5.097609967153164
888,0.7977916976324451,0.8044426814756049,0.0066509838431598745,0.8633652174052671,0.8702704670379673,0.006905249632700228,0.720018397148442,0.7888161808447353,0.0687977836962933,0.8944010664635308,0.8207008188916397,-0.07370024757189109,4.3070989870875165,3.4596470911419956,-0.8474518959455208
889,0.7471610566160609,0.77680744452398,0.02964638790791907,0.8651228705553533,0.9034137697509753,0.03829089919562201,0.7803519809556198,0.8157295648812336,0.035377583925613854,0.7166783790114781,0.7414304677129695,0.02475208870149137,6.255756245836037,2.5011777011196394,-3.7545785447163973
890,0.84105244188142,0.8515598373133989,0.010507395431978872,0.9338521400778211,0.929893335764427,-0.003958804313394126,0.7796850854111849,0.7953060011883542,0.015620915777169286,0.9129052765416402,0.9163773289647416,0.003472052423101335,0.8095744354916121,0.8095744354916121,0.0
891,0.7744366315486333,0.7990848483357524,0.024648216787119148,0.8496370130623718,0.868469019307618,0.01883200624524617,0.667811762758164,0.7018279244630742,0.034016161704910175,0.9215787068768563,0.9276330820196481,0.006054375142791835,8.204406793485516,6.5,-1.704406793485516
892,0.6566399183635605,0.6996138796699253,0.04297396130636477,0.7253568057622056,0.73915300656866,0.013796200806454384,0.5702402771343981,0.6630764711642025,0.09283619402980448,0.7738964056307229,0.7404127374607079,-0.033483668170015024,7.670379345463772,7.204646349135625,-0.46573299632814713
893,0.8228651202213718,0.8368797993639631,0.014014679142591246,0.8924572469700988,0.9191082802547771,0.026651033284678327,0.854974486492087,0.9058039961941009,0.05082950970201394,0.7930802498798655,0.7777030273906775,-0.015377222489187936,3.4834486752141998,1.3119084069449707,-2.1715402682692293
894,0.6918456257701109,0.7047704874469978,0.01292486167688689,0.7664826407925437,0.7862534503385177,0.01977080954597399,0.7065207621786805,0.7594432409551555,0.052922478776474935,0.6777677185721677,0.6574409380927746,-0.02032678047939307,8.885431955256545,9.524147263850745,0.6387153085942003
895,0.7405425092239236,0.7415304203716098,0.000987911147686149,0.8747191438585179,0.8578128307405565,-0.016906313117961425,0.6265205508815176,0.6301150981719702,0.00359454729045261,0.905300243911882,0.9008091679894692,-0.004491075922412824,4.245042939345227,5.783263602617866,1.5382206632726385
896,0.6671892555721042,0.7056285331949641,0.038439277622859924,0.7776619434633987,0.7981827042251359,0.020520760761737256,0.6344796739886691,0.6995343296512887,0.06505465566261959,0.7034547357981156,0.7118298528844564,0.008375117086340866,8.22409802662844,4.52697299495704,-3.6971250316713995
897,0.7622559186369852,0.7898065476190477,0.02755062898206251,0.8498324961402987,0.8652808315010994,0.015448335360800702,0.6984824168707943,0.7291773999656534,0.030694983094859185,0.8388449313586258,0.8614323392168797,0.02258740785825386,8.069431371308019,7.700086013511701,-0.36934535779631794
898,0.8255678433607003,0.8440178976720057,0.01845005431130542,0.9376589118471466,0.9641997140580875,0.026540802210940906,0.7784317077340106,0.7968994905956113,0.018467782861600668,0.8787803600474182,0.897058418107132,0.01827805805971383,1.037109375,0.6078738772432696,-0.4292354977567304
899,0.8269862748888459,0.8337011641423926,0.006714889253546685,0.9018287090865861,0.8998671999561251,-0.0019615091304610033,0.761955650547689,0.798986050116249,0.037030399568560024,0.904153017013632,0.871569974285815,-0.03258304272781709,3.027542836195716,2.343417824499191,-0.6841250116965254
900,0.8085719564012562,0.8312931605335352,0.02272120413227896,0.9196302600330376,0.9354512224703688,0.01582096243733122,0.7424849019474792,0.7790701797936097,0.036585277846130526,0.8875730045425049,0.8910204412719014,0.0034474367293965136,1.3126293300306224,0.869921524191667,-0.4427078058389554
901,0.6366369978349772,0.7203268119873616,0.08368981415238441,0.7041018694320021,0.7779801554098892,0.07387828597788704,0.5760618180828776,0.6858723068040234,0.10981048872114585,0.7114486373870089,0.7584260223797843,0.04697738499277537,35.86192505698317,14.261773509327156,-21.60015154765601
902,0.696787653327971,0.7290556542332741,0.03226800090530313,0.8017878456967266,0.838146672834019,0.03635882713729244,0.7415997859818084,0.7600298323217776,0.01843004633996914,0.6570825827249455,0.700507253247369,0.04342467052242349,6.031225365074757,4.989931268314224,-1.0412940967605335
903,0.8375229021619641,0.8312141061631897,-0.00630879599877443,0.9439091490448376,0.9174358176497225,-0.026473331395115096,0.7474654980705082,0.7426800878717335,-0.004785410198774764,0.9522539788350971,0.9437130239146738,-0.008540954920423283,0.6728338452402505,1.1240671316713724,0.4512332864311219
904,0.6745545260156807,0.7038986145419397,0.029344088526259027,0.7647893392746418,0.8038306935704255,0.0390413542957837,0.6591196879906802,0.7122171208128447,0.0530974328221645,0.6907295841184745,0.6957721807903606,0.005042596671886113,6.684066755541611,5.1392464224128425,-1.5448203331287687
905,0.7301022417338798,0.7445847842766924,0.01448254254281256,0.8675682142552252,0.8824355118475516,0.014867297592326412,0.7770085682354402,0.8029979949715159,0.025989426736075738,0.6885367665263679,0.694093697559902,0.005556931033534163,5.316543297048801,5.094341309757969,-0.2222019872908323
906,0.8315726459609831,0.8284926404755936,-0.0030800054853895587,0.8896714848883048,0.8586781643247481,-0.030993320563556748,0.8214770236894284,0.8322480843256467,0.010771060636218244,0.8419194980213198,0.824770936575279,-0.017148561446040822,1.4046336739722,2.579023098736935,1.1743894247647348
907,0.8055887808345035,0.7811066687436177,-0.0244821120908858,0.8848630484490871,0.8322426036672229,-0.05262044478186423,0.8076187828021272,0.7818509407158449,-0.025767842086282244,0.8035689583621525,0.7803638124221884,-0.023205145939964034,3.7366975053049463,7.707926743668316,3.9712292383633696
908,0.8161162233707299,0.8207323623266247,0.004616138955894855,0.9548329679811243,0.9490749768010056,-0.00575799118011866,0.7862108746470748,0.7925374500411874,0.006326575394112521,0.8483865683865683,0.851007371007371,0.0026208026208026647,0.69921875,0.7031738264296967,0.0039550764296967245
909,0.6503687932476617,0.6547097167689552,0.004340923521293449,0.8256796367607333,0.8186136215113405,-0.007066015249392765,0.674792899408284,0.6812232270347454,0.006430327626461341,0.6276509870110809,0.6301827254714905,0.0025317384604095494,7.776646976318426,9.412983692488499,1.6363367161700735
910,0.7649550724850119,0.765635758969776,0.0006806864847640481,0.8422585272894675,0.830712947953865,-0.011545579335602518,0.6716517799685964,0.671981483862672,0.00032970389407560585,0.8883630668664034,0.8896227699850198,0.0012597031186163399,5.697012680659104,6.191647767371406,0.49463508671230194
911,0.8418863644175575,0.8260514566648716,-0.015834907752685923,0.9428644825401175,0.8994403934203832,-0.04342408911973428,0.8288943788283868,0.8219249118440157,-0.006969466984371064,0.8552921046198974,0.8302196459126305,-0.02507245870726682,0.7265625,3.6126730907115805,2.8861105907115805
912,0.7869592854036332,0.7864322885766107,-0.0005269968270225078,0.8849655576591571,0.8728969663422359,-0.012068591316921173,0.7035862770316753,0.7106053179757382,0.007019040944062915,0.892747352840715,0.8803749667919086,-0.012372386048806416,5.0983094561206785,4.578846053230137,-0.5194634028905414
913,0.7679475463103993,0.7737874097007224,0.005839863390323052,0.8300308199563006,0.8516898387126687,0.02165901875636811,0.7191176071069575,0.7350568595596886,0.01593925245273109,0.8238919322709163,0.8168264442231076,-0.00706548804780871,10.409863826802834,14.472199188630206,4.0623353618273725
914,0.7292790703351969,0.7370343487321174,0.007755278396920473,0.830504500869641,0.8209027097154318,-0.009601791154209227,0.7150517043278437,0.6953083583672027,-0.01974334596064098,0.7440840930603297,0.784088078513426,0.04000398545309625,4.082200256794196,7.079781903732614,2.9975816469384178
915,0.8325308920143254,0.8377824858757063,0.005251593861380854,0.9391977492004658,0.932528929170243,-0.006668820030222844,0.7741778963851702,0.774094616639478,-8.327974569222185e-05,0.9003975888162113,0.9128895729126587,0.012491984096447362,0.9096531603145852,0.6935326588042736,-0.2161205015103116
916,0.7723615415923109,0.7766102510628058,0.004248709470494938,0.8535532110157011,0.8375097384189295,-0.016043472596771635,0.7146788725049973,0.7341077277690161,0.01942885526401883,0.8401730068453496,0.8243367503320506,-0.015836256513299007,4.687490803120191,5.226352293979162,0.5388614908589711
917,0.8057179273062893,0.8461817275672247,0.04046380026093532,0.8655416821759662,0.9136183220912555,0.04807663991528932,0.784949689573967,0.8492406329574391,0.06429094338347208,0.827615006094533,0.8431447790167487,0.01552977292221569,3.6923602582233226,1.687370012716373,-2.0049902455069493
918,0.7379130907537571,0.7764940401122818,0.03858094935852474,0.8004683769522043,0.8571243145017361,0.0566559375495318,0.634309176486297,0.6911322735995945,0.05682309711329747,0.8819679740078905,0.885913204919935,0.003945230912044462,9.843725841862371,3.6834202843899146,-6.160305557472457
919,0.8303870630553079,0.8444526298018632,0.014065566746555347,0.9122578774072985,0.9386932547597994,0.0264353773525009,0.8214220546195486,0.834045778384114,0.012623723764565331,0.8395499191843839,0.8551224667412657,0.015572547556881755,1.7385717810776602,0.869921524191667,-0.8686502568859932
920,0.7145042319589381,0.7636013824063848,0.04909715044744667,0.7892000873358388,0.8275584256223699,0.038358338286531124,0.6266770019676823,0.694986704714962,0.06830970274727977,0.8309614168247944,0.8472485768500949,0.016287160025300507,22.175003586194155,16.387539960797515,-5.78746362539664
921,0.8197562540089801,0.8356090907697731,0.015852836760792965,0.9311196815749784,0.9390872493321796,0.0079675677572012,0.7600409382606771,0.7932669925512105,0.03322605429053338,0.8896551724137931,0.8827262425125465,-0.0069289299012466055,1.1920304461181586,0.8428928118309754,-0.34913763428718314
922,0.6376462008807113,0.6875772759809983,0.04993107510028694,0.7043056532523788,0.7535318385257651,0.04922618527338629,0.5329113924050632,0.6438364511608068,0.11092505875574354,0.7936186553096418,0.7376946170495008,-0.05592403826014103,21.959624915044138,5.028288983985375,-16.93133593105876
923,0.8294065295798398,0.8477867408215368,0.018380211241696975,0.8789436361866713,0.8977437551337404,0.018800118947069122,0.7933776911530793,0.8288024373095851,0.035424746156505815,0.8688633185308766,0.8676611300571653,-0.0012021884737113409,2.6055741639095236,1.8856246018654286,-0.719949562044095
924,0.7531174168571949,0.767297397875934,0.014179981018739074,0.8549799336388055,0.8383998139318526,-0.016580119706952945,0.695690481743502,0.7212744201065605,0.0255839383630585,0.8208781800391389,0.8195939334637965,-0.0012842465753424293,3.557444415110595,3.9652834870264906,0.4078390719158955
925,0.6831424137166506,0.7856986697610279,0.10255625604437724,0.7630234933605721,0.8754127889522666,0.11238929559169453,0.5507125494495019,0.6917382291975126,0.14102567974801072,0.8994278597283307,0.9091970575643171,0.009769197835986398,47.03697914978614,8.499892801546164,-38.53708634823998
926,0.8016084656084657,0.815015395366104,0.013406929757638353,0.8891555570167508,0.9085871472384083,0.019431590221657524,0.7587339743589744,0.7939837467557334,0.03524977239675897,0.8496186630776132,0.8371915657245401,-0.012427097353073124,2.100858705283859,3.039369386216348,0.938510680932489
927,0.6784554959737441,0.6916565441846341,0.013201048210889965,0.768634378526915,0.7787532416329334,0.010118863106018394,0.6052025340756383,0.6465245005854593,0.041321966509821006,0.7718832891246684,0.7435625382574985,-0.028320750867169897,10.154150511593343,7.631944839374168,-2.522205672219175
928,0.8186732587199826,0.8198659947314167,0.0011927360114341035,0.9147017398508699,0.8913093557658561,-0.023392384085013762,0.8073347799298133,0.853366315977707,0.04603153604789367,0.8303347568535611,0.7888965422234467,-0.04143821463011432,2.0,2.8027527492864603,0.8027527492864603
929,0.7439727236539228,0.7566568851211825,0.012684161467259703,0.7478628293201629,0.7797504202446114,0.03188759092444848,0.6578818487909397,0.6939562082599595,0.03607435946901982,0.8559878927874467,0.8318132940379943,-0.02417459874945238,8.63173794893914,9.137326531171837,0.5055885822326971
930,0.7948738529041924,0.808774947443143,0.013901094538950609,0.8872117226377944,0.9216965162097956,0.03448479357200129,0.8105969660591509,0.8427116522530723,0.03211468619392144,0.7797490945357199,0.7774657498294053,-0.0022833447063146384,3.0828145045707407,2.6129425696081254,-0.46987193496261526
931,0.6036789297658863,0.6174496644295302,0.013770734663643869,0.5918117647058824,0.5764219158347723,-0.015389848871110057,0.5073919833420094,0.5380422439245969,0.030650260582587463,0.7450695612291699,0.7243540743005656,-0.020715486928604254,35.38950673978222,37.20068043732534,1.8111736975431185
932,0.802122440806928,0.8200086502312274,0.017886209424299415,0.9059840166330971,0.9260504440687523,0.02006642743565512,0.7715716486902927,0.7865645444391256,0.01499289574883289,0.8351923277389763,0.856423086278189,0.021230758539212635,2.186420622659277,1.879845017883061,-0.30657560477621604
933,0.8221283756451953,0.8265485246175709,0.004420148972375637,0.895483551205006,0.8886708927219369,-0.006812658483069112,0.7473157817326077,0.7723310525822477,0.025015270849639948,0.9135860184119677,0.8889528193325662,-0.024633199079401535,2.4951017076941535,2.4951017076941535,0.0
934,0.8513744276366494,0.8622620728169648,0.010887645180315375,0.9539370909858561,0.9501855754411349,-0.0037515155447211956,0.7956670338671864,0.8248597631555517,0.02919272928836525,0.9154696132596685,0.9032174195645108,-0.01225219369515762,0.6023736414437886,0.5,-0.10237364144378858
935,0.8358213223518646,0.8559237914635772,0.02010246911171265,0.9247038405153326,0.9396264825758686,0.014922642060535951,0.7740816272479275,0.8178652321630804,0.043783604915152874,0.9082631529879736,0.8976972559743932,-0.01056589701358035,2.642485014296439,0.8559947726366383,-1.7864902416598007
936,0.7796586120294564,0.7898395638385953,0.010180951809138916,0.8621747831887925,0.8277877467316073,-0.034387036457185216,0.7299731647049446,0.810958201007282,0.08098503630233744,0.8366017052375152,0.7697929354445798,-0.06680876979293537,2.962752216402982,3.660625220089203,0.6978730036862211
937,0.7831117281643261,0.7962751665501122,0.013163438385786153,0.8857793481766746,0.8880854385638433,0.002306090387168669,0.7621786431986696,0.8006958066545764,0.03851716345590683,0.80522713130056,0.7919030711226619,-0.013324060177898112,3.5827512072199643,2.8267137530993884,-0.7560374541205759
938,0.8044104803493449,0.8174046571323799,0.012994176783034939,0.8408863272563778,0.8457351000184254,0.004848772762047648,0.7665515375972702,0.8156474408818551,0.04909590328458491,0.8462033166429326,0.8191694611603657,-0.02703385548256687,6.06428800348877,6.188729212261214,0.12444120877244469
939,0.7461774602987189,0.7655637162111002,0.0193862559123813,0.8503652753449821,0.8846865184893353,0.03432124314435325,0.7225255094749479,0.7598448866710755,0.03731937719612766,0.7714303152369618,0.7713692819433001,-6.103329366169419e-05,12.237964529899996,6.995308007184342,-5.242656522715654
940,0.7460003950227138,0.7542772367256108,0.008276841702896998,0.8151101183652237,0.8392898022434713,0.024179683878247538,0.6482450871020338,0.6408734192656447,-0.007371667836389095,0.8784742411908362,0.9164437725316897,0.03796953134085357,6.4378865967015555,9.41359727091717,2.975710674215615
941,0.7874564459930313,0.7993467448593274,0.011890298866296112,0.8847310805921141,0.8739677003118416,-0.010763380280272572,0.7398220296002582,0.7566048341765037,0.01678280457624548,0.8416469971151325,0.84720692368214,0.005559926567007545,2.38662764504924,2.7339324170707617,0.34730477202152166
942,0.7619410407804795,0.7898102704655067,0.02786922968502714,0.8679044709200369,0.8982803712361422,0.030375900316105375,0.7675449816662403,0.798822417053464,0.03127743538722372,0.756418336904912,0.780999201647128,0.02458086474221599,5.419415094550427,3.7248695094659126,-1.6945455850845144
943,0.7263632266786841,0.7447150681738726,0.018351841495188426,0.7764304712541772,0.7944080952574472,0.017977624003269965,0.5958154665089457,0.6246236853422997,0.02880821883335405,0.9301708217913204,0.9219759926131117,-0.008194829178208685,10.58092094874003,10.822602079964238,0.2416811312242082
944,0.8408249468822758,0.829326074902969,-0.01149887197930688,0.9338255920401106,0.90248219931116,-0.03134339272895059,0.7950340447032216,0.7775519848771266,-0.017482059826094964,0.892212981963495,0.8884868776325737,-0.0037261043309212427,0.8385254915624212,2.1213203435596424,1.2827948519972212
945,0.7208776433198876,0.7595457537853851,0.03866811046549756,0.7540694450556704,0.8067252844830083,0.05265583942733787,0.6181217901687455,0.689299796869399,0.07117800670065355,0.8646092948248058,0.8457337633778038,-0.018875531447001936,15.685444561336503,10.375728877001631,-5.309715684334872
946,0.6417543514603206,0.6564993941419797,0.014745042681659104,0.7418100551054037,0.7718800859370437,0.03007003083164006,0.6145240875362538,0.6666100975816717,0.05208601004541791,0.6715097135330919,0.6466908133026013,-0.024818900230490604,10.261908335943783,9.411338772888032,-0.8505695630557515
947,0.8172012858902586,0.8010061658333077,-0.016195120056950896,0.9045262253429147,0.885662975543566,-0.018863249799348725,0.7976383648413521,0.7978001833180568,0.0001618184767047115,0.8377479364297155,0.8042380189725268,-0.033509917457188676,2.7952173531354463,6.586389564574653,3.791172211439207
948,0.838168539445289,0.8563196903384723,0.01815115089318331,0.9213360625494984,0.95125284738041,0.029916784830911647,0.780927477664864,0.822267274877513,0.04133979721264902,0.9044647363832423,0.8933143669985776,-0.011150369384664738,1.2105594167832077,0.6297185166058323,-0.5808409001773753
949,0.8261091094369837,0.8260036146557862,-0.00010549478119747935,0.9257862541840745,0.9156830700320804,-0.010103184151994071,0.8442997954249581,0.8470495731615996,0.0027497777366414233,0.8086857387153087,0.8059781253339984,-0.0027076133813103143,1.1255186792600473,1.5495582197095827,0.4240395404495354
950,0.7087837982488064,0.7521931331455141,0.04340933489670762,0.7683384320788987,0.8165626124492622,0.04822418037036347,0.5721296744314647,0.634417742060119,0.06228806762865435,0.9312032401417562,0.9236654103617034,-0.007537829780052796,12.992572153701396,10.289570912490912,-2.703001241210483
951,0.7956657071309883,0.8016880588489024,0.006022351717914098,0.8656173082094027,0.8840572038186533,0.018439895609250523,0.7393280417527455,0.7425387638750918,0.003210722122346299,0.8612975958249943,0.8710764319914879,0.009778836166493554,4.332494409979082,4.579271400834417,0.24677699085533433
952,0.7961178829332339,0.8273133006884339,0.03119541775519996,0.8853992705876795,0.9140924339086682,0.0286931633209887,0.7218468468468469,0.7615261792295922,0.03967933238274535,0.8874253391875322,0.9055417111664886,0.018116371978956436,4.552424797519246,1.5375857941795934,-3.0148390033396524
953,0.7891067863738751,0.7696835908756439,-0.019423195498231238,0.9014340333449192,0.8729325928292201,-0.02850144051569914,0.7785431412200876,0.7586083666176161,-0.019934774602471506,0.7999610398043332,0.7810869894591026,-0.018874050345230597,2.156083694900099,3.1515970208353545,0.9955133259352555
954,0.7465723576145621,0.7750933564915328,0.028520998876970682,0.8007737717151348,0.8407745231751053,0.04000075145997051,0.6885240833487912,0.7374004428434515,0.04887635949466029,0.8153097085956948,0.8168472689998536,0.0015375604041587554,10.29043363734396,8.317439604925855,-1.9729940324181054
955,0.7711242053931671,0.7939853681938115,0.02286116280064443,0.8314897667777249,0.8796911329748567,0.04820136619713178,0.7557034761335837,0.8035259133389975,0.04782243720541379,0.7871873888823041,0.7846687211093991,-0.0025186677729049922,3.502607649782135,2.6800213041455154,-0.8225863456366196
956,0.724522610836346,0.7611321017129876,0.03660949087664167,0.811930340157668,0.8422378548020368,0.03030751464436887,0.6081387989128412,0.6590662759423548,0.05092747702951361,0.8959956116291826,0.9006034009873835,0.004607789358200831,6.354940531982897,4.107534714480702,-2.2474058175021945
957,0.7712375224835578,0.7797928510661283,0.008555328582570465,0.9004210449432895,0.9094405591020442,0.009019514158754793,0.7816152732939998,0.7771168649405178,-0.004498408353482031,0.7611317379874794,0.7824873302799534,0.02135559229247408,1.9073353163597646,1.9930011359334523,0.08566581957368768
958,0.7304565521696996,0.7474566044090201,0.01700005223932044,0.7764866059165662,0.7880534941164175,0.0115668881998513,0.6492248062015504,0.6870727239893714,0.03784791778782093,0.8349230769230769,0.8194769230769231,-0.015446153846153776,8.030941189636001,5.162972132939518,-2.8679690566964835
959,0.7487468387018612,0.7645802110902076,0.015833372388346367,0.8247770907907583,0.8245541317903867,-0.0002229590003716142,0.7236403020900416,0.7772195390749085,0.053579236984866885,0.7756581218035205,0.7523453923629632,-0.02331272944055729,4.9749371855331,5.344389581607987,0.36945239607488745
960,0.8297081219781656,0.8478037828768694,0.018095660898703847,0.9255819107400092,0.9325486290547084,0.006966718314699194,0.7903408319377179,0.8195034302515518,0.029162598313833943,0.8732028104918361,0.8781286725176906,0.004925862025854433,1.7480457838683745,0.8125,-0.9355457838683745
961,0.823878565622578,0.8295759928336817,0.005697427211103667,0.9198186962510704,0.906257624457669,-0.01356107179340138,0.7876246927858899,0.783958237804663,-0.003666454981226863,0.8636309594578528,0.8808306582649704,0.01719969880711758,2.6001926057340565,3.6504491451301773,1.0502565393961207
962,0.7208620392260316,0.7695285885775466,0.04866654935151493,0.768952903421185,0.8616702657027508,0.0927173622815658,0.7186817188638019,0.8209423600535327,0.10226064118973077,0.7230556290581938,0.7241751307781554,0.0011195017199616686,13.469151392019388,3.1525893936974896,-10.316561998321898
963,0.8317986707283301,0.8376077332145757,0.005809062486245575,0.9144569188586497,0.9000269549851748,-0.014429963873474838,0.7676996805111821,0.7790049864375396,0.011305305926357478,0.9075766732134763,0.9057448255023417,-0.0018318477111346487,2.7462937782767454,2.720029332619871,-0.026264445656874358
964,0.8231205706082082,0.8433631501398026,0.020242579531594362,0.9103189662724945,0.9333536794720176,0.023034713199523105,0.8219405634187412,0.8577631982630448,0.03582263484430359,0.8243039707895938,0.8294386125057052,0.005134641716111332,2.564471036569938,0.78125,-1.783221036569938
965,0.7886351842241827,0.7970579094581995,0.008422725234016881,0.8873401089512217,0.8768694875165438,-0.010470621434677918,0.7938050092715924,0.8007701714672287,0.006965162195636365,0.7835322626382408,0.7933799077105514,0.009847645072310618,2.3523183222637645,3.1159452666297223,0.7636269443659578
966,0.7881164714730847,0.8080972307364269,0.019980759263342196,0.8694068115366054,0.9043936514267895,0.03498683989018414,0.7034284344281947,0.7168968126359595,0.013468378207764808,0.8959872961583094,0.9258840774445734,0.02989678128626394,2.5817593937822347,1.4004028830530453,-1.1813565107291895
967,0.840179558909635,0.8611333867949746,0.020953827885339615,0.9324942256314368,0.9587082262210798,0.02621400058964296,0.8223846761252197,0.8654362776703203,0.04305160154510057,0.8587615703798276,0.856873071603362,-0.0018884987764655747,0.9501526559348651,0.6168938433118097,-0.33325881262305534
968,0.7715260635980834,0.8086242383485154,0.03709817475043198,0.8305785123966942,0.8873072360616845,0.056728723664990266,0.6987769594950026,0.8134147841416917,0.11463782464668903,0.8611831442463533,0.8038897893030794,-0.05729335494327392,11.275420284528822,2.626534135101344,-8.64888614942748
969,0.7982661237357153,0.8142135006572795,0.015947376921564227,0.9144467124744846,0.9161943287975255,0.0017476163230408792,0.7432792739903623,0.779449922158796,0.03617064816843374,0.8620386393940254,0.8522227580924282,-0.009815881301597162,1.971634946016012,1.4012116774560017,-0.5704232685600104
970,0.7701561541727603,0.7907146329606223,0.02055847878786199,0.8495824207671141,0.8560842279459855,0.006501807178871388,0.7458083969116908,0.7882238914465713,0.04241549453488058,0.7961472811509388,0.7932211655693733,-0.002926115581565525,4.491285167192546,2.578244108280821,-1.9130410589117246
971,0.6798809264503013,0.6906939022868652,0.010812975836563932,0.7925058189464417,0.7955018249175225,0.0029960059710808506,0.7149456003054018,0.7121590825553187,-0.002786517750083095,0.6480949579541129,0.6704848254144029,0.022389867460290036,9.827109697270853,10.53515625,0.7080465527291473
972,0.7198328733517326,0.7418803418803419,0.022047468528609282,0.8228449759119063,0.8521385636848973,0.02929358777299096,0.6149387648176043,0.6691310324330348,0.0541922676154305,0.8678713374618726,0.832378223495702,-0.03549311396617061,6.026383862245553,3.9695039768854956,-2.0568798853600576
973,0.7983348979692673,0.8315905614483814,0.03325566347911413,0.8482057743016262,0.8831733066863622,0.03496753238473593,0.762487907316958,0.8052594517155137,0.04277154439855568,0.8377187297472456,0.8597018794556059,0.02198314970836035,5.941283295592488,2.736378311905929,-3.204904983686559
974,0.811809991117127,0.8147214056654195,0.002911414548292468,0.8564051484880426,0.83235349510641,-0.02405165338163262,0.801952230523659,0.794860513622735,-0.007091716900924028,0.8219131149787584,0.8356002466767165,0.0136871316979581,2.476270592270275,4.178021360424092,1.7017507681538167
975,0.8199976592673507,0.8035539333397368,-0.016443725927613895,0.9049906936728793,0.8724586472649478,-0.0325320464079315,0.9108400320672546,0.8763487041964342,-0.03449132787082043,0.7456322389542206,0.7419251849092747,-0.0037070540449458678,2.331242669224399,6.228037242769974,3.8967945735455753
976,0.724985477781005,0.7347962825541539,0.009810804773148885,0.783006419561405,0.7886067373690223,0.005600317807617272,0.7871417872206236,0.7736150898470925,-0.013526697373531071,0.6719270500353309,0.6996870688784952,0.027760018843164258,3.7914554473900557,3.7054996599119208,-0.08595578747813493
977,0.8442653325921808,0.8475218978674063,0.0032565652752254426,0.9612811859239925,0.9524873757019392,-0.008793810222053278,0.8891888375723671,0.907486325962216,0.018297488389848904,0.8036627667705333,0.7949908871773766,-0.008671879593156628,0.714923791625395,0.714923791625395,0.0
978,0.6855449254441868,0.6865374161985867,0.0009924907543998884,0.7215889728324528,0.7194982896237173,-0.002090683208735511,0.6483009003775777,0.639691606404232,-0.008609293973345755,0.727329010394604,0.7407866010622699,0.013457590667665942,11.431861420587323,12.323517606737823,0.8916561861505006
979,0.8183720045644732,0.8246904024767802,0.006318397912306928,0.8928515695842699,0.8785761181928096,-0.014275451391460359,0.7927413411938099,0.8121189024390244,0.019377561245214503,0.8457154088050315,0.8376572327044025,-0.008058176100628978,3.355785350495993,3.749882505483557,0.39409715498756404
980,0.7949838208075747,0.8068053919644026,0.011821571156827915,0.8149073262524746,0.8034193548387097,-0.011487971413764897,0.7816291161178509,0.8246782780854536,0.04304916196760267,0.8088028078805114,0.7896907744728819,-0.01911203340762946,5.27727074223186,3.676892557499407,-1.6003781847324525
981,0.732291868814283,0.8262862131049157,0.09399434429063269,0.7688206440605673,0.8578099156884101,0.08898927162784287,0.6086781192031615,0.7485666271253459,0.13988850792218444,0.9189090466333861,0.9220138804334591,0.0031048338000729814,39.66187847212863,3.578446498943964,-36.083431973184666
982,0.8255102517397599,0.8170167405576956,-0.008493511182064317,0.9207693520280031,0.8993895279224167,-0.021379824105586476,0.7548579970104634,0.771010516689529,0.016152519679065613,0.9107538517029937,0.8688617509146185,-0.04189210078837524,1.7985294063952486,4.353750011215188,2.5552206048199393
983,0.7974928193702521,0.7931517589748204,-0.004341060395431695,0.8795439151049899,0.8721368883191242,-0.007407026785865689,0.7849556119213696,0.7499210072187249,-0.035034604702644745,0.8104370123847455,0.8416716678487642,0.031234655464018712,2.305999692653824,3.2849170357317434,0.9789173430779194
984,0.8055506943515096,0.8261479144759902,0.02059722012448062,0.8674277626835954,0.8911945418123274,0.02376677912873193,0.7716094424832863,0.8406223529936249,0.06901291051033853,0.8426153249773872,0.8121635008829737,-0.030451824094413493,5.449262152604929,3.2155674876416644,-2.2336946649632643
985,0.7576953216293872,0.7991380816492925,0.04144276001990521,0.7955971699265826,0.843579999401538,0.04798282947495547,0.7195414904172541,0.8014484712203954,0.0819069808031413,0.8001219476786389,0.7968409744200227,-0.0032809732586162044,9.190411508886966,3.6561519251002226,-5.534259583786743
986,0.7595331934278549,0.7608999839023243,0.0013667904744694148,0.8760298035541763,0.839826049223716,-0.0362037543304603,0.8707055889687546,0.8373031013244672,-0.03340248764428744,0.6735356194539637,0.6972743571704151,0.023738737716451408,7.528412977057316,9.516689978404356,1.9882770013470399
987,0.787312771862145,0.7939314369073669,0.006618665045221905,0.8686235057403242,0.8696598285658563,0.001036322825532121,0.8291909371696274,0.8254064547439942,-0.003784482425633229,0.749461338129766,0.7647687032769378,0.015307365147171792,7.314403318839106,6.211245682686172,-1.1031576361529334
988,0.6519446931264299,0.7446901878181499,0.09274549469172,0.670111619054049,0.771925312832035,0.10181369377798599,0.52432,0.638906667670645,0.11458666767064496,0.861688140941362,0.8924533263213252,0.0307651853799632,17.676709877194895,15.579399175717185,-2.09731070147771
989,0.7910107853388143,0.8118118827313562,0.02080109739254188,0.9015590200445434,0.9359054893352194,0.034346469290676085,0.7885823623486407,0.8007939170300794,0.012211554681438752,0.7934542110858883,0.8231372661705123,0.029683055084623988,2.305999692653824,1.2520323444125068,-1.0539673482413172
990,0.7412854181064271,0.838870484303518,0.09758506619709084,0.7634186196750324,0.929638263545386,0.1662196438703536,0.6357816871354735,0.8004094165813715,0.1646277294458981,0.8887710460029166,0.8812143709399444,-0.007556675062972196,34.50601664853923,0.8787673501354397,-33.62724929840379
991,0.8127448855394568,0.7936466091082844,-0.019098276431172345,0.9159704741132932,0.879720035867291,-0.03625043824600227,0.8043894389438944,0.7765274866999838,-0.027861952243910526,0.8212757354180005,0.811537554335007,-0.009738181082993513,2.6357557558584626,27.00430031781379,24.36854456195533
992,0.7917321950123568,0.8151622878058016,0.023430092793444768,0.8897547676915758,0.938650492797574,0.048895725105998156,0.7225618848792127,0.7627745846783718,0.04021269979915909,0.8755477255273976,0.8752766860911596,-0.0002710394362379631,2.614942629824867,0.7118732037743472,-1.9030694260505199
993,0.7721590171735087,0.7995707240926668,0.027411706919158174,0.8130150619238291,0.8531279535179218,0.0401128915940927,0.7139771527311126,0.7554680298332356,0.04149087710212296,0.8406646195580506,0.8491419098393083,0.008477290281257654,5.802000926626585,3.6534136342414514,-2.1485872923851335
994,0.7834442173239419,0.7975750818758275,0.014130864551885614,0.875846436359463,0.8603093386500383,-0.015537097709424685,0.69652282618761,0.7501835151006712,0.053660688913061194,0.8951533724078427,0.8513581863080539,-0.04379518609978872,5.7046613359010445,4.860109721385542,-0.8445516145155025
995,0.6978393505883989,0.7238863493770726,0.02604699878867378,0.7643132818131221,0.8052391799544418,0.04092589814131975,0.6333175579744439,0.6741344195519349,0.04081686157749098,0.7769993032437873,0.7815669273051018,0.004567624061314501,26.451570019221638,12.24025806055232,-14.211311958669318
996,0.8212803688597269,0.8524602158404976,0.031179846980770698,0.9180055329705297,0.931223371880706,0.01321783891017636,0.7999447265692472,0.8558416277959379,0.055896901226690665,0.8437853004409139,0.8491054185038079,0.005320118062894008,3.5936231507843885,1.0,-2.5936231507843885
997,0.7560181872735245,0.7739170828010684,0.017898895527543868,0.8703150547300512,0.8854987628990405,0.015183708168989285,0.7517499368875221,0.7743847172836924,0.022634780396170284,0.7603351825630789,0.7734500127666488,0.01311483020356996,2.865234375,2.0746343451354567,-0.7906000298645433
998,0.8148354583246243,0.8285772110908723,0.013741752766248005,0.9152753160417991,0.9074523029655592,-0.007823013076239893,0.7402422043124183,0.7685800737681383,0.028337869455720033,0.906146694214876,0.8987345041322314,-0.0074121900826445986,1.4402598549244616,1.5089909983190133,0.06873114339455166
999,0.6710607825160443,0.6995540138751238,0.02849323135907955,0.7817851852084833,0.8144839619817167,0.03269877677323341,0.6469042614179247,0.6743252925722474,0.027421031154322706,0.6970913770913771,0.7267438867438868,0.02965250965250965,5.031969276652006,3.224810217817212,-1.8071590588347943
