case_id,dice@0.5,precision@0.5,recall@0.5,hd95@0.5,cldice@0.5,topology_precision,topology_sensitivity,predicted_skeleton_voxels,ground_truth_skeleton_voxels,mask_path
1000,0.7718426904286573,0.6796729840208101,0.8929322517650593,2.2617373029247685,0.8825337431511426,0.8125,0.9657794676806084,928,789,outputs/final_baseline_comparison/plain_unet/mask_regeneration/case_outputs/1000/seg_mask_0.5.nii.gz
751,0.748709336318965,0.7244004453404749,0.7747063555913113,5.823223054465179,0.8675463986075528,0.8266796494644596,0.9126637554585153,1027,916,outputs/final_baseline_comparison/plain_unet/mask_regeneration/case_outputs/751/seg_mask_0.5.nii.gz
752,0.7603049413968189,0.7247670590860905,0.7995076165563932,7.17817584643875,0.8656306310790766,0.7966101694915254,0.9477459016393442,1121,976,outputs/final_baseline_comparison/plain_unet/mask_regeneration/case_outputs/752/seg_mask_0.5.nii.gz
753,0.7583210639376312,0.7019213583556747,0.8245761377355519,3.6470304140580527,0.9161756493395484,0.9124423963133641,0.9199395770392749,651,662,outputs/final_baseline_comparison/plain_unet/mask_regeneration/case_outputs/753/seg_mask_0.5.nii.gz
754,0.8443397836251323,0.8285054083922173,0.8607912042030549,0.6594653605516958,0.9397081066345223,0.9226869455006337,0.9573690621193667,789,821,outputs/final_baseline_comparison/plain_unet/mask_regeneration/case_outputs/754/seg_mask_0.5.nii.gz
755,0.7680246395072099,0.6861175629801679,0.8721384447674418,9.254137797332659,0.8493164234558094,0.7625298329355609,0.9583952451708767,838,673,outputs/final_baseline_comparison/plain_unet/mask_regeneration/case_outputs/755/seg_mask_0.5.nii.gz
756,0.7260954812822032,0.7675696519811048,0.6888735075272538,5.080459574539039,0.8185704798273286,0.915807560137457,0.74,582,750,outputs/final_baseline_comparison/plain_unet/mask_regeneration/case_outputs/756/seg_mask_0.5.nii.gz
757,0.8427983077914437,0.779871931143546,0.9167707920641209,0.946441732556738,0.931825007146036,0.8890020366598778,0.9789823008849557,982,904,outputs/final_baseline_comparison/plain_unet/mask_regeneration/case_outputs/757/seg_mask_0.5.nii.gz
758,0.8173098289015629,0.7771321924079161,0.8618683121143482,1.5198274534568883,0.9177329924240187,0.8977011494252873,0.9386792452830188,870,848,outputs/final_baseline_comparison/plain_unet/mask_regeneration/case_outputs/758/seg_mask_0.5.nii.gz
759,0.6988450187074434,0.7424085320693231,0.6601106330669945,7.971270572961073,0.8354895269912732,0.902027027027027,0.7780938833570412,592,703,outputs/final_baseline_comparison/plain_unet/mask_regeneration/case_outputs/759/seg_mask_0.5.nii.gz
760,0.7497500202686269,0.7154683309263462,0.787482259437979,5.8517658926600955,0.8311597663568568,0.7961783439490446,0.8693563880883766,1099,1041,outputs/final_baseline_comparison/plain_unet/mask_regeneration/case_outputs/760/seg_mask_0.5.nii.gz
761,0.7937584803256446,0.7501001736342995,0.8428129783593961,3.0914211563009335,0.8981779757221167,0.8604014598540146,0.9394240317775571,1096,1007,outputs/final_baseline_comparison/plain_unet/mask_regeneration/case_outputs/761/seg_mask_0.5.nii.gz
762,0.7246898702771674,0.618777842339725,0.8743457288495091,7.655011032010051,0.8313300678516157,0.7280917280917281,0.968682505399568,1221,926,outputs/final_baseline_comparison/plain_unet/mask_regeneration/case_outputs/762/seg_mask_0.5.nii.gz
763,0.7420125039678706,0.6364260517531192,0.8896022238400954,11.97153333490609,0.7722011272185453,0.6469049694856146,0.9576923076923077,1147,780,outputs/final_baseline_comparison/plain_unet/mask_regeneration/case_outputs/763/seg_mask_0.5.nii.gz
764,0.8463253332338373,0.79063768974712,0.9104519547242514,0.5,0.9602830970798829,0.959409594095941,0.9611581920903954,1355,1416,outputs/final_baseline_comparison/plain_unet/mask_regeneration/case_outputs/764/seg_mask_0.5.nii.gz
765,0.7287481951273006,0.6977704665569984,0.7626042383903298,7.660725009760592,0.8688721681524495,0.8233256351039261,0.9197530864197531,866,810,outputs/final_baseline_comparison/plain_unet/mask_regeneration/case_outputs/765/seg_mask_0.5.nii.gz
766,0.7956253417701742,0.8007170036793609,0.7905980252126933,6.435407720803373,0.8799973714949579,0.916452442159383,0.8463316002310803,1556,1731,outputs/final_baseline_comparison/plain_unet/mask_regeneration/case_outputs/766/seg_mask_0.5.nii.gz
767,0.709335541295798,0.7347656417513615,0.6856068184546437,4.114922718688144,0.8501450537518873,0.8613138686131386,0.839262187088274,685,759,outputs/final_baseline_comparison/plain_unet/mask_regeneration/case_outputs/767/seg_mask_0.5.nii.gz
768,0.7893887112602488,0.7767256416645901,0.802471519598378,2.887419594354327,0.9075668210915868,0.8994350282485876,0.9158469945355191,885,915,outputs/final_baseline_comparison/plain_unet/mask_regeneration/case_outputs/768/seg_mask_0.5.nii.gz
769,0.7892867750558519,0.7281911978459266,0.8615731604172541,3.122514881010002,0.8836456596823875,0.8592730661696178,0.9094412331406551,1073,1038,outputs/final_baseline_comparison/plain_unet/mask_regeneration/case_outputs/769/seg_mask_0.5.nii.gz
770,0.8180249911006855,0.858316733067729,0.781346445572004,1.716546883462552,0.908041917005912,0.9369779802581625,0.8808395396073121,1317,1477,outputs/final_baseline_comparison/plain_unet/mask_regeneration/case_outputs/770/seg_mask_0.5.nii.gz
771,0.8231311795453115,0.7790725397866126,0.8724717976103064,3.44716813504786,0.9052479701443876,0.8422897196261683,0.9783783783783784,856,740,outputs/final_baseline_comparison/plain_unet/mask_regeneration/case_outputs/771/seg_mask_0.5.nii.gz
772,0.7463204868154159,0.6371848157384317,0.9005678480516938,6.761008081785097,0.8105287482668599,0.7154150197628458,0.9348109517601043,1012,767,outputs/final_baseline_comparison/plain_unet/mask_regeneration/case_outputs/772/seg_mask_0.5.nii.gz
773,0.8220982220219735,0.8300381425622003,0.8143087644615332,0.8406427884967327,0.9455736695109233,0.9561091340450771,0.9352678571428571,843,896,outputs/final_baseline_comparison/plain_unet/mask_regeneration/case_outputs/773/seg_mask_0.5.nii.gz
774,0.837294260910555,0.8095635990732652,0.8669920683343502,1.2734375,0.9186164759488428,0.9180555555555555,0.9191780821917809,720,730,outputs/final_baseline_comparison/plain_unet/mask_regeneration/case_outputs/774/seg_mask_0.5.nii.gz
775,0.764844038121858,0.7355884109916367,0.7965231453406104,9.034116085621566,0.8697259883322149,0.8769017980636238,0.8626666666666667,723,750,outputs/final_baseline_comparison/plain_unet/mask_regeneration/case_outputs/775/seg_mask_0.5.nii.gz
776,0.7119203690216072,0.642375208108187,0.7983519674749529,8.800758553786869,0.8250969573794417,0.7504854368932039,0.9161816065192084,1030,859,outputs/final_baseline_comparison/plain_unet/mask_regeneration/case_outputs/776/seg_mask_0.5.nii.gz
777,0.7924275672257969,0.7986355798785516,0.7863153232949512,4.278188810685201,0.8882196382360916,0.8526187576126675,0.926923076923077,821,780,outputs/final_baseline_comparison/plain_unet/mask_regeneration/case_outputs/777/seg_mask_0.5.nii.gz
778,0.7672514158296663,0.7044095800572484,0.8424040211456799,9.848121084328806,0.8497188102407239,0.8014184397163121,0.9042145593869731,846,783,outputs/final_baseline_comparison/plain_unet/mask_regeneration/case_outputs/778/seg_mask_0.5.nii.gz
779,0.7814400627820286,0.7552551739083324,0.8095058358980315,5.993024449614894,0.8664883301712766,0.83690587138863,0.898238747553816,1073,1022,outputs/final_baseline_comparison/plain_unet/mask_regeneration/case_outputs/779/seg_mask_0.5.nii.gz
780,0.7709113686188538,0.7890903495499192,0.7535511363636364,4.339490646805139,0.8739565379436551,0.8625812441968431,0.8856358645928637,1077,1093,outputs/final_baseline_comparison/plain_unet/mask_regeneration/case_outputs/780/seg_mask_0.5.nii.gz
781,0.744223172803373,0.6720760017743604,0.833723116430504,6.160484445521766,0.8567928009640653,0.8147268408551069,0.9034391534391535,842,756,outputs/final_baseline_comparison/plain_unet/mask_regeneration/case_outputs/781/seg_mask_0.5.nii.gz
782,0.7823013624713342,0.6985473029945313,0.888875264400233,10.645301892748671,0.8310123529019313,0.7389671361502348,0.9492502883506344,1065,867,outputs/final_baseline_comparison/plain_unet/mask_regeneration/case_outputs/782/seg_mask_0.5.nii.gz
783,0.7595262615859938,0.7262432299359921,0.7960064759848894,3.067448163467484,0.8654077193818804,0.823019801980198,0.9123989218328841,808,742,outputs/final_baseline_comparison/plain_unet/mask_regeneration/case_outputs/783/seg_mask_0.5.nii.gz
784,0.7536278554895843,0.644186766679283,0.9078653864804578,5.710025838065709,0.8649093326679953,0.7717003567181926,0.9837278106508875,841,676,outputs/final_baseline_comparison/plain_unet/mask_regeneration/case_outputs/784/seg_mask_0.5.nii.gz
785,0.7903189993338761,0.700778788939447,0.9060926627821463,2.1229139074046204,0.9008764115597244,0.8708053691275168,0.9330985915492958,596,568,outputs/final_baseline_comparison/plain_unet/mask_regeneration/case_outputs/785/seg_mask_0.5.nii.gz
786,0.7899801966438523,0.7121202630754776,0.8869558433452956,3.527887684736191,0.8854799831225744,0.8284023668639053,0.9510050251256281,845,796,outputs/final_baseline_comparison/plain_unet/mask_regeneration/case_outputs/786/seg_mask_0.5.nii.gz
787,0.7463744763132453,0.6767763764995386,0.8319280069573108,4.876023557481394,0.8469825402721961,0.7961399276236429,0.9047619047619048,829,756,outputs/final_baseline_comparison/plain_unet/mask_regeneration/case_outputs/787/seg_mask_0.5.nii.gz
788,0.7645854521919455,0.7329197265130413,0.7991109638587481,4.42124346749058,0.8486301097766066,0.8048780487804879,0.8974121996303143,1107,1082,outputs/final_baseline_comparison/plain_unet/mask_regeneration/case_outputs/788/seg_mask_0.5.nii.gz
789,0.8387256472232738,0.8169801151675035,0.8616604338070306,0.821056210488204,0.9520155513951161,0.9122222222222223,0.9954389965792474,900,877,outputs/final_baseline_comparison/plain_unet/mask_regeneration/case_outputs/789/seg_mask_0.5.nii.gz
790,0.809189257526775,0.8003286770747741,0.8182482285046387,4.316847227191409,0.9100064996630908,0.8967136150234741,0.923699421965318,852,865,outputs/final_baseline_comparison/plain_unet/mask_regeneration/case_outputs/790/seg_mask_0.5.nii.gz
791,0.7741840792036934,0.6912153629887303,0.8797877179681577,2.5798082809777867,0.86736501621649,0.7954372623574144,0.9535941765241128,1315,1099,outputs/final_baseline_comparison/plain_unet/mask_regeneration/case_outputs/791/seg_mask_0.5.nii.gz
792,0.7879063513406628,0.7489286519810541,0.8311639549436796,2.7410313002488254,0.8806547423943683,0.8149171270718232,0.9579288025889967,724,618,outputs/final_baseline_comparison/plain_unet/mask_regeneration/case_outputs/792/seg_mask_0.5.nii.gz
793,0.6739463508353802,0.5507373107039231,0.8681704260651629,23.737892556159345,0.7445617119000871,0.5975935828877005,0.9873949579831933,748,476,outputs/final_baseline_comparison/plain_unet/mask_regeneration/case_outputs/793/seg_mask_0.5.nii.gz
794,0.8238776324885353,0.8207849147380061,0.8269937451133699,2.309199271530018,0.9028149461030507,0.8761506276150628,0.9311531841652324,1195,1162,outputs/final_baseline_comparison/plain_unet/mask_regeneration/case_outputs/794/seg_mask_0.5.nii.gz
795,0.7182669976775847,0.6313529494579755,0.8329309063893017,19.544776663608165,0.7467212216417637,0.6635071090047393,0.8538011695906432,844,684,outputs/final_baseline_comparison/plain_unet/mask_regeneration/case_outputs/795/seg_mask_0.5.nii.gz
796,0.7502565328010571,0.7086863000239,0.7970075259825589,6.091614807441354,0.8317803941910032,0.8044579533941236,0.8610240334378265,987,957,outputs/final_baseline_comparison/plain_unet/mask_regeneration/case_outputs/796/seg_mask_0.5.nii.gz
797,0.7424657031092174,0.7399787678002709,0.744969411070981,3.597409310175826,0.8794352115182358,0.8639744952178533,0.8954593453009504,941,947,outputs/final_baseline_comparison/plain_unet/mask_regeneration/case_outputs/797/seg_mask_0.5.nii.gz
798,0.6740022136857868,0.7695891361451157,0.5995366795366796,11.284618738840425,0.8261987917689259,0.8153564899451554,0.8373333333333334,1094,1125,outputs/final_baseline_comparison/plain_unet/mask_regeneration/case_outputs/798/seg_mask_0.5.nii.gz
799,0.8151148775426519,0.8375424529506397,0.7938571013650886,1.81640625,0.9148760706851955,0.9112688553682342,0.9185119574844995,1127,1129,outputs/final_baseline_comparison/plain_unet/mask_regeneration/case_outputs/799/seg_mask_0.5.nii.gz
800,0.8170398930587625,0.818205956542904,0.8158771484676655,1.893384196892172,0.9124685055496168,0.913601368691189,0.9113384484228474,1169,1173,outputs/final_baseline_comparison/plain_unet/mask_regeneration/case_outputs/800/seg_mask_0.5.nii.gz
801,0.7702267125328421,0.7340974803800082,0.8100962908096405,3.277259943803331,0.8814652528262203,0.8319327731092437,0.9372693726937269,1190,1084,outputs/final_baseline_comparison/plain_unet/mask_regeneration/case_outputs/801/seg_mask_0.5.nii.gz
802,0.8146835723381872,0.7590013411740432,0.8791826003824091,1.3626263201190743,0.9330163371979231,0.9290586630286494,0.937007874015748,733,762,outputs/final_baseline_comparison/plain_unet/mask_regeneration/case_outputs/802/seg_mask_0.5.nii.gz
803,0.8022566364609803,0.7812675091825936,0.8244046641484645,3.3938861405129113,0.8711148496086035,0.7987866531850354,0.9578454332552693,989,854,outputs/final_baseline_comparison/plain_unet/mask_regeneration/case_outputs/803/seg_mask_0.5.nii.gz
804,0.7266179786625383,0.787668734038672,0.6743503248375812,6.928628283619935,0.7922007542662493,0.8114874815905744,0.7738095238095238,679,756,outputs/final_baseline_comparison/plain_unet/mask_regeneration/case_outputs/804/seg_mask_0.5.nii.gz
805,0.6453776502589709,0.5341557440246724,0.8150971810438138,20.756734191889247,0.7401821545179778,0.6124763705103969,0.9351724137931035,1058,725,outputs/final_baseline_comparison/plain_unet/mask_regeneration/case_outputs/805/seg_mask_0.5.nii.gz
806,0.802734344307378,0.7906206469586752,0.8152250239387169,1.971634946016012,0.8910377592987462,0.885809312638581,0.896328293736501,902,926,outputs/final_baseline_comparison/plain_unet/mask_regeneration/case_outputs/806/seg_mask_0.5.nii.gz
807,0.7435533848012185,0.6745759481608539,0.8282438282438283,11.913899440482185,0.8247394177334182,0.7577220077220077,0.9047619047619048,1036,840,outputs/final_baseline_comparison/plain_unet/mask_regeneration/case_outputs/807/seg_mask_0.5.nii.gz
808,0.6823544681679538,0.6225516898372925,0.7548676124289242,11.932954652176388,0.7489184094977939,0.657942238267148,0.8690909090909091,1108,825,outputs/final_baseline_comparison/plain_unet/mask_regeneration/case_outputs/808/seg_mask_0.5.nii.gz
809,0.7102750190985485,0.6116273332785133,0.8468632585676876,11.04138461538468,0.8217005362051097,0.7132352941176471,0.9690721649484536,272,194,outputs/final_baseline_comparison/plain_unet/mask_regeneration/case_outputs/809/seg_mask_0.5.nii.gz
810,0.8076157403942582,0.7523145566090351,0.8716921386797635,3.668291136657674,0.8821272924645127,0.8109452736318408,0.9670079635949943,1005,879,outputs/final_baseline_comparison/plain_unet/mask_regeneration/case_outputs/810/seg_mask_0.5.nii.gz
811,0.7992296002046374,0.817093806725533,0.7821298150547767,2.5735856117894644,0.8911807675291318,0.9311688311688312,0.8544857768052516,770,914,outputs/final_baseline_comparison/plain_unet/mask_regeneration/case_outputs/811/seg_mask_0.5.nii.gz
812,0.8232598109424234,0.7574822826575037,0.9015475415930848,4.0078125,0.8840524112507202,0.8053173241852487,0.9798515376458112,1166,943,outputs/final_baseline_comparison/plain_unet/mask_regeneration/case_outputs/812/seg_mask_0.5.nii.gz
813,0.7383184190021959,0.5974169882694585,0.9661970090223705,6.661738322450578,0.8154028046583688,0.689280868385346,0.998015873015873,737,504,outputs/final_baseline_comparison/plain_unet/mask_regeneration/case_outputs/813/seg_mask_0.5.nii.gz
814,0.8016740398721725,0.7396541593217494,0.8750465503115767,9.402864807736314,0.8721915911945245,0.7819614711033275,0.9859611231101512,1142,926,outputs/final_baseline_comparison/plain_unet/mask_regeneration/case_outputs/814/seg_mask_0.5.nii.gz
815,0.7736067216526632,0.7854738984112076,0.7620927936821322,8.72941900104295,0.8482590373487521,0.8252747252747252,0.8725602755453502,910,871,outputs/final_baseline_comparison/plain_unet/mask_regeneration/case_outputs/815/seg_mask_0.5.nii.gz
816,0.7974917763157895,0.7590998043052838,0.8399740147249892,3.626766923655874,0.8667183968587621,0.8303130148270181,0.9064625850340136,607,588,outputs/final_baseline_comparison/plain_unet/mask_regeneration/case_outputs/816/seg_mask_0.5.nii.gz
817,0.7520246681670772,0.7033979777888281,0.8078738958269875,7.40246437290689,0.8220778064630998,0.7437020810514786,0.918918918918919,913,740,outputs/final_baseline_comparison/plain_unet/mask_regeneration/case_outputs/817/seg_mask_0.5.nii.gz
818,0.8347227211356233,0.8328142765336892,0.836639932460954,4.295763439102923,0.888548806634254,0.8547815820543093,0.9250936329588015,847,801,outputs/final_baseline_comparison/plain_unet/mask_regeneration/case_outputs/818/seg_mask_0.5.nii.gz
819,0.8664480721826892,0.818249698034479,0.9206800266870938,0.7268617075445172,0.9391680349055758,0.8926728586171311,0.9907727797001153,969,867,outputs/final_baseline_comparison/plain_unet/mask_regeneration/case_outputs/819/seg_mask_0.5.nii.gz
820,0.7945793863519071,0.7338704717387293,0.8662383389596718,5.221851637837664,0.825836305685216,0.7287761852260198,0.9527220630372493,907,698,outputs/final_baseline_comparison/plain_unet/mask_regeneration/case_outputs/820/seg_mask_0.5.nii.gz
821,0.805037637521714,0.862576001985358,0.7546954728042558,5.916474524481383,0.8744011817067167,0.9034013605442177,0.8472049689440994,735,805,outputs/final_baseline_comparison/plain_unet/mask_regeneration/case_outputs/821/seg_mask_0.5.nii.gz
822,0.8095453140969268,0.7635059403721138,0.8614933225414811,3.796766491505058,0.8737019606569696,0.7897153351698806,0.9776785714285714,1089,896,outputs/final_baseline_comparison/plain_unet/mask_regeneration/case_outputs/822/seg_mask_0.5.nii.gz
823,0.8050186977947087,0.7645887273451504,0.8499630996309963,2.0511264134396194,0.8960209124568959,0.8860911270983214,0.9061757719714965,834,842,outputs/final_baseline_comparison/plain_unet/mask_regeneration/case_outputs/823/seg_mask_0.5.nii.gz
824,0.7679762477261798,0.6748612795355161,0.890899388764917,15.486182175697994,0.8247846090660318,0.7234567901234568,0.9591194968553459,810,636,outputs/final_baseline_comparison/plain_unet/mask_regeneration/case_outputs/824/seg_mask_0.5.nii.gz
825,0.7868246171626697,0.6702106713920063,0.9525675108437106,3.0511886184536854,0.9126925898752751,0.8394062078272605,1.0,741,618,outputs/final_baseline_comparison/plain_unet/mask_regeneration/case_outputs/825/seg_mask_0.5.nii.gz
826,0.7747258503876511,0.7920556993662412,0.758138104270262,3.6612465077502447,0.8619780860632297,0.841959972394755,0.8829712683952348,1449,1427,outputs/final_baseline_comparison/plain_unet/mask_regeneration/case_outputs/826/seg_mask_0.5.nii.gz
827,0.7969299825441246,0.8265417552732915,0.7693665739353734,3.105269745982223,0.9147444679210356,0.972139303482587,0.8637489677952106,1005,1211,outputs/final_baseline_comparison/plain_unet/mask_regeneration/case_outputs/827/seg_mask_0.5.nii.gz
828,0.7706453068592057,0.6978668628172122,0.8603707995365005,10.219485381844164,0.8400446422844534,0.7409200968523002,0.9697885196374623,1239,993,outputs/final_baseline_comparison/plain_unet/mask_regeneration/case_outputs/828/seg_mask_0.5.nii.gz
829,0.816562821959476,0.7679424181604263,0.8717559251014796,2.3163272014336753,0.9081022271060677,0.8820960698689956,0.9356884057971014,1145,1104,outputs/final_baseline_comparison/plain_unet/mask_regeneration/case_outputs/829/seg_mask_0.5.nii.gz
830,0.8099618747747577,0.7385333794534763,0.8966864054428625,2.47964450803216,0.8941854480245897,0.8153098420413123,0.9899569583931134,823,697,outputs/final_baseline_comparison/plain_unet/mask_regeneration/case_outputs/830/seg_mask_0.5.nii.gz
831,0.7967613891552664,0.71004521754181,0.9076050884955752,4.529332311709687,0.8512899018296362,0.7667269439421338,0.9568181818181818,1106,880,outputs/final_baseline_comparison/plain_unet/mask_regeneration/case_outputs/831/seg_mask_0.5.nii.gz
832,0.8169513164237048,0.731363127449151,0.9252264746672961,1.0546875,0.9439049316510071,0.911275415896488,0.9789579158316634,1082,998,outputs/final_baseline_comparison/plain_unet/mask_regeneration/case_outputs/832/seg_mask_0.5.nii.gz
833,0.8275681341719078,0.7742651936888864,0.888752772903354,2.295722101174337,0.9065145469372062,0.8960280373831776,0.9172494172494172,856,858,outputs/final_baseline_comparison/plain_unet/mask_regeneration/case_outputs/833/seg_mask_0.5.nii.gz
834,0.8061681274149467,0.8000607931163487,0.8123694207027541,2.7635227985411377,0.8883558801633805,0.8390901432181971,0.943767572633552,1187,1067,outputs/final_baseline_comparison/plain_unet/mask_regeneration/case_outputs/834/seg_mask_0.5.nii.gz
835,0.7696953060664288,0.7161586923207901,0.8318829113924051,3.3984375,0.8724388385844847,0.8102493074792244,0.9449685534591195,722,636,outputs/final_baseline_comparison/plain_unet/mask_regeneration/case_outputs/835/seg_mask_0.5.nii.gz
836,0.8263473053892215,0.7767133130324699,0.8827578161455903,1.1855002178833889,0.9176902417505477,0.9068877551020408,0.9287531806615776,784,786,outputs/final_baseline_comparison/plain_unet/mask_regeneration/case_outputs/836/seg_mask_0.5.nii.gz
837,0.7986942627110507,0.7369833194117498,0.871684330279624,3.7735913759862516,0.8727738813123431,0.8466522678185745,0.9005586592178771,926,895,outputs/final_baseline_comparison/plain_unet/mask_regeneration/case_outputs/837/seg_mask_0.5.nii.gz
838,0.7634807417974322,0.7068768160605794,0.8299390054791688,7.663197479106544,0.8535486893667958,0.7970401691331924,0.9186813186813186,946,910,outputs/final_baseline_comparison/plain_unet/mask_regeneration/case_outputs/838/seg_mask_0.5.nii.gz
839,0.8155440593802447,0.7442212959454338,0.901986298748517,0.9096531603145852,0.9366126518499541,0.9030837004405287,0.9727272727272728,908,880,outputs/final_baseline_comparison/plain_unet/mask_regeneration/case_outputs/839/seg_mask_0.5.nii.gz
840,0.7945978856478663,0.771662008170286,0.8189389617798061,3.395427905884986,0.8965058341217282,0.8623595505617978,0.9334677419354839,1068,992,outputs/final_baseline_comparison/plain_unet/mask_regeneration/case_outputs/840/seg_mask_0.5.nii.gz
841,0.7852128576706762,0.7225643156662007,0.8597563716456151,2.8769869365375667,0.8836459335609186,0.8415300546448088,0.9301994301994302,732,702,outputs/final_baseline_comparison/plain_unet/mask_regeneration/case_outputs/841/seg_mask_0.5.nii.gz
842,0.7147566354561634,0.6920610183714448,0.7389912954429083,8.545326620044591,0.8039862145208483,0.7758964143426295,0.834186284544524,1004,977,outputs/final_baseline_comparison/plain_unet/mask_regeneration/case_outputs/842/seg_mask_0.5.nii.gz
843,0.7495960647732577,0.6819429019402887,0.8321508290816326,2.842912105645885,0.8473687424433018,0.8152777777777778,0.8820895522388059,720,670,outputs/final_baseline_comparison/plain_unet/mask_regeneration/case_outputs/843/seg_mask_0.5.nii.gz
844,0.80818219009955,0.7439431598503679,0.8845637183199498,9.987132192327731,0.8438518941516943,0.7682789651293588,0.9359145527369827,889,749,outputs/final_baseline_comparison/plain_unet/mask_regeneration/case_outputs/844/seg_mask_0.5.nii.gz
845,0.7964591838166183,0.8159763143522378,0.7778538937907601,2.5,0.9223851393391622,0.9285004965243296,0.9163498098859315,1007,1052,outputs/final_baseline_comparison/plain_unet/mask_regeneration/case_outputs/845/seg_mask_0.5.nii.gz
846,0.8128720040975644,0.7785634536657983,0.8503436553100289,1.0561513279077985,0.9383392710331598,0.9411764705882353,0.9355191256830601,884,915,outputs/final_baseline_comparison/plain_unet/mask_regeneration/case_outputs/846/seg_mask_0.5.nii.gz
847,0.8100958333950499,0.7544972961041828,0.8745402795100579,3.6775264022781844,0.8523676374314483,0.7806731813246471,0.938562091503268,921,765,outputs/final_baseline_comparison/plain_unet/mask_regeneration/case_outputs/847/seg_mask_0.5.nii.gz
848,0.7805913809374017,0.7739369996881172,0.7873611845584347,2.276321731434289,0.9071001088139281,0.946360153256705,0.8709677419354839,522,589,outputs/final_baseline_comparison/plain_unet/mask_regeneration/case_outputs/848/seg_mask_0.5.nii.gz
849,0.7558812092932827,0.753318155396241,0.7584617635583301,4.263678106160049,0.878180200369101,0.864406779661017,0.892399658411614,1180,1171,outputs/final_baseline_comparison/plain_unet/mask_regeneration/case_outputs/849/seg_mask_0.5.nii.gz
850,0.6888280870432404,0.6286874533233756,0.7616920205847424,11.344091956528587,0.7683868401925424,0.7207357859531772,0.8227848101265823,598,553,outputs/final_baseline_comparison/plain_unet/mask_regeneration/case_outputs/850/seg_mask_0.5.nii.gz
851,0.8286743581558667,0.7652012801077985,0.903630034808553,0.6640625,0.9319185448585449,0.9086809470124013,0.9563758389261745,887,894,outputs/final_baseline_comparison/plain_unet/mask_regeneration/case_outputs/851/seg_mask_0.5.nii.gz
852,0.7631641545747464,0.7253463230155794,0.805142361744844,5.704066298336815,0.8132101159747268,0.7668488160291439,0.8655378486055777,1098,1004,outputs/final_baseline_comparison/plain_unet/mask_regeneration/case_outputs/852/seg_mask_0.5.nii.gz
853,0.8213904903041584,0.7656155245603395,0.88593037308487,8.622235921705892,0.8489314447201882,0.7868632707774799,0.9216300940438872,746,638,outputs/final_baseline_comparison/plain_unet/mask_regeneration/case_outputs/853/seg_mask_0.5.nii.gz
854,0.7120892619510697,0.6716746485400896,0.7576787348059077,7.907615876896954,0.8418249401118926,0.8447606727037517,0.838909541511772,773,807,outputs/final_baseline_comparison/plain_unet/mask_regeneration/case_outputs/854/seg_mask_0.5.nii.gz
855,0.7815016053346505,0.8291104415039958,0.7390634123554829,5.414830013264114,0.848713184769153,0.8982346832814122,0.8043668122270743,963,1145,outputs/final_baseline_comparison/plain_unet/mask_regeneration/case_outputs/855/seg_mask_0.5.nii.gz
856,0.8315879153286585,0.7790711952651097,0.8916966494265797,3.2773094129980147,0.886630688303642,0.8115079365079365,0.97708082026538,1008,829,outputs/final_baseline_comparison/plain_unet/mask_regeneration/case_outputs/856/seg_mask_0.5.nii.gz
857,0.7798757708061395,0.7239888016045463,0.8451126719344454,3.8660824967765364,0.8827078945018463,0.8381924198250729,0.9322169059011164,1372,1254,outputs/final_baseline_comparison/plain_unet/mask_regeneration/case_outputs/857/seg_mask_0.5.nii.gz
858,0.7308558926297227,0.7361202473358769,0.7256662992023863,12.734058661715046,0.833658663161121,0.827460510328068,0.8399503722084367,823,806,outputs/final_baseline_comparison/plain_unet/mask_regeneration/case_outputs/858/seg_mask_0.5.nii.gz
859,0.8000996417641337,0.722766335912218,0.8959645067878111,5.172620212301524,0.8751374021051189,0.7910094637223974,0.9792899408284024,1268,1014,outputs/final_baseline_comparison/plain_unet/mask_regeneration/case_outputs/859/seg_mask_0.5.nii.gz
860,0.7900574236726715,0.8268640600136394,0.7563879285695719,7.223547196096823,0.8496700005429492,0.9083710407239819,0.7980952380952381,884,1050,outputs/final_baseline_comparison/plain_unet/mask_regeneration/case_outputs/860/seg_mask_0.5.nii.gz
861,0.6841479268663735,0.8200928381962864,0.5868647083946282,4.281192751666256,0.8594518322144781,0.919908466819222,0.8064516129032258,437,558,outputs/final_baseline_comparison/plain_unet/mask_regeneration/case_outputs/861/seg_mask_0.5.nii.gz
862,0.7678356013629342,0.808886808017301,0.7307498640456002,5.613274454153855,0.8479486370028412,0.8845814977973568,0.8142292490118577,1135,1265,outputs/final_baseline_comparison/plain_unet/mask_regeneration/case_outputs/862/seg_mask_0.5.nii.gz
863,0.7691166490427865,0.7388114008489994,0.8020144169053026,15.432995944174085,0.8514042705679385,0.8076109936575053,0.9002192982456141,946,912,outputs/final_baseline_comparison/plain_unet/mask_regeneration/case_outputs/863/seg_mask_0.5.nii.gz
864,0.8049442342162916,0.7402074128339553,0.8820897558314009,4.201245876992361,0.8905465116533801,0.8330170777988615,0.9566115702479339,1054,968,outputs/final_baseline_comparison/plain_unet/mask_regeneration/case_outputs/864/seg_mask_0.5.nii.gz
865,0.7212918660287081,0.6314349412241589,0.8409663487493252,7.969240181002202,0.8013876018723122,0.7148488830486203,0.9117647058823529,761,612,outputs/final_baseline_comparison/plain_unet/mask_regeneration/case_outputs/865/seg_mask_0.5.nii.gz
866,0.8232920362692389,0.7948261117445838,0.8538726553528135,1.642112420976408,0.9140491147915476,0.9014869888475836,0.9269662921348315,1076,1068,outputs/final_baseline_comparison/plain_unet/mask_regeneration/case_outputs/866/seg_mask_0.5.nii.gz
867,0.755707394816931,0.8327790441313853,0.6916929188845264,6.39008094685249,0.846523181599342,0.8501655629139073,0.842911877394636,1208,1305,outputs/final_baseline_comparison/plain_unet/mask_regeneration/case_outputs/867/seg_mask_0.5.nii.gz
868,0.71462985871476,0.6102524185477594,0.8620797989318253,6.805696502402418,0.7947346137562065,0.712,0.8992248062015504,500,387,outputs/final_baseline_comparison/plain_unet/mask_regeneration/case_outputs/868/seg_mask_0.5.nii.gz
869,0.6941503252457148,0.8274564183835182,0.5978367547231537,3.6534136342414514,0.8025174099649107,0.9042437431991295,0.7213647441104792,919,1231,outputs/final_baseline_comparison/plain_unet/mask_regeneration/case_outputs/869/seg_mask_0.5.nii.gz
870,0.7058248249422994,0.6426256366420914,0.7828105340795696,7.768223523586741,0.7499986020164514,0.6584734799482536,0.8710743801652893,773,605,outputs/final_baseline_comparison/plain_unet/mask_regeneration/case_outputs/870/seg_mask_0.5.nii.gz
871,0.7841946207313387,0.7393720082060634,0.8348024707244884,6.329687822919211,0.8469839927165969,0.8272532188841202,0.8676789587852495,932,922,outputs/final_baseline_comparison/plain_unet/mask_regeneration/case_outputs/871/seg_mask_0.5.nii.gz
872,0.7584539065729641,0.6618209364403723,0.8881305063413689,11.387668466587057,0.8214826596513362,0.7043879907621247,0.9852700490998363,866,611,outputs/final_baseline_comparison/plain_unet/mask_regeneration/case_outputs/872/seg_mask_0.5.nii.gz
873,0.7842511472674176,0.8025144613545646,0.7668005955415962,13.9648037712727,0.8178434112163832,0.7593220338983051,0.8861386138613861,885,808,outputs/final_baseline_comparison/plain_unet/mask_regeneration/case_outputs/873/seg_mask_0.5.nii.gz
874,0.7470709594382299,0.6768528998182255,0.8335445176550093,9.440664742294155,0.8066786697090368,0.7089371980676329,0.9356814701378254,828,653,outputs/final_baseline_comparison/plain_unet/mask_regeneration/case_outputs/874/seg_mask_0.5.nii.gz
875,0.7884901885668071,0.7373029772329247,0.8473149757570213,2.7509243885383468,0.8878305225900479,0.8505747126436781,0.9284994964753273,1044,993,outputs/final_baseline_comparison/plain_unet/mask_regeneration/case_outputs/875/seg_mask_0.5.nii.gz
876,0.7587952003918047,0.8034294406416372,0.7188592285564045,6.353922547674096,0.8569930723344861,0.8759305210918115,0.8388571428571429,806,875,outputs/final_baseline_comparison/plain_unet/mask_regeneration/case_outputs/876/seg_mask_0.5.nii.gz
877,0.7650276740893294,0.7201623652005331,0.8158544955387783,7.825063280183648,0.8571472017923126,0.814629258517034,0.9043478260869565,998,920,outputs/final_baseline_comparison/plain_unet/mask_regeneration/case_outputs/877/seg_mask_0.5.nii.gz
878,0.7746758249864756,0.7535159613483433,0.7970584266630684,3.222618370989507,0.8853433486024765,0.8743718592964824,0.8965936739659367,796,822,outputs/final_baseline_comparison/plain_unet/mask_regeneration/case_outputs/878/seg_mask_0.5.nii.gz
879,0.844554584583279,0.7859778597785978,0.9125655335700997,0.657586034741671,0.9564431929782504,0.9464692482915718,0.9666295884315906,878,899,outputs/final_baseline_comparison/plain_unet/mask_regeneration/case_outputs/879/seg_mask_0.5.nii.gz
880,0.7380221196177387,0.668937594892358,0.8230194463071175,6.462632977355282,0.8390862944162437,0.7767857142857143,0.9122516556291391,672,604,outputs/final_baseline_comparison/plain_unet/mask_regeneration/case_outputs/880/seg_mask_0.5.nii.gz
881,0.7320717438952861,0.66860268410962,0.808854628555836,7.172569091719388,0.8092634454326154,0.7392523364485981,0.8939226519337017,1070,905,outputs/final_baseline_comparison/plain_unet/mask_regeneration/case_outputs/881/seg_mask_0.5.nii.gz
882,0.8237040028267124,0.842231305999422,0.8059742774166782,2.5155764746872635,0.9029644839875101,0.9266968325791856,0.8804173354735152,1105,1246,outputs/final_baseline_comparison/plain_unet/mask_regeneration/case_outputs/882/seg_mask_0.5.nii.gz
883,0.7769818775229752,0.7740169068072145,0.779969650986343,4.251574806088564,0.8918422256511254,0.8813928182807399,0.902542372881356,919,944,outputs/final_baseline_comparison/plain_unet/mask_regeneration/case_outputs/883/seg_mask_0.5.nii.gz
884,0.8094906539553318,0.721879925490758,0.9213044803413594,1.3126293300306224,0.9021764613190977,0.8491228070175438,0.9623015873015873,570,504,outputs/final_baseline_comparison/plain_unet/mask_regeneration/case_outputs/884/seg_mask_0.5.nii.gz
885,0.7903281269795305,0.7950622678610444,0.7856500305854414,4.495690348958922,0.8996277370575041,0.8793324775353016,0.920881971465629,779,771,outputs/final_baseline_comparison/plain_unet/mask_regeneration/case_outputs/885/seg_mask_0.5.nii.gz
886,0.64844555956035,0.5731235084875501,0.7465614827414294,12.971037157578468,0.7160898927849212,0.6135338345864662,0.8598130841121495,1330,963,outputs/final_baseline_comparison/plain_unet/mask_regeneration/case_outputs/886/seg_mask_0.5.nii.gz
887,0.753313072655994,0.8166519694297472,0.6990920338023443,6.737204397649156,0.809792424235088,0.8133802816901409,0.8062360801781737,852,898,outputs/final_baseline_comparison/plain_unet/mask_regeneration/case_outputs/887/seg_mask_0.5.nii.gz
888,0.7977916976324451,0.720018397148442,0.8944010664635308,4.3070989870875165,0.8633652174052671,0.7860394537177542,0.9575645756457565,659,542,outputs/final_baseline_comparison/plain_unet/mask_regeneration/case_outputs/888/seg_mask_0.5.nii.gz
889,0.7471610566160609,0.7803519809556198,0.7166783790114781,6.255756245836037,0.8651228705553533,0.9078947368421053,0.8261997405966277,684,771,outputs/final_baseline_comparison/plain_unet/mask_regeneration/case_outputs/889/seg_mask_0.5.nii.gz
890,0.84105244188142,0.7796850854111849,0.9129052765416402,0.8095744354916121,0.9338521400778211,0.9216589861751152,0.9463722397476341,651,634,outputs/final_baseline_comparison/plain_unet/mask_regeneration/case_outputs/890/seg_mask_0.5.nii.gz
891,0.7744366315486333,0.667811762758164,0.9215787068768563,8.204406793485516,0.8496370130623718,0.7730978260869565,0.9429967426710097,736,614,outputs/final_baseline_comparison/plain_unet/mask_regeneration/case_outputs/891/seg_mask_0.5.nii.gz
892,0.6566399183635605,0.5702402771343981,0.7738964056307229,7.670379345463772,0.7253568057622056,0.6211085801063022,0.8716577540106952,1317,935,outputs/final_baseline_comparison/plain_unet/mask_regeneration/case_outputs/892/seg_mask_0.5.nii.gz
893,0.8228651202213718,0.854974486492087,0.7930802498798655,3.4834486752141998,0.8924572469700988,0.8502202643171806,0.9391100702576113,908,854,outputs/final_baseline_comparison/plain_unet/mask_regeneration/case_outputs/893/seg_mask_0.5.nii.gz
894,0.6918456257701109,0.7065207621786805,0.6777677185721677,8.885431955256545,0.7664826407925437,0.7576628352490421,0.7755102040816326,1044,1029,outputs/final_baseline_comparison/plain_unet/mask_regeneration/case_outputs/894/seg_mask_0.5.nii.gz
895,0.7405425092239236,0.6265205508815176,0.905300243911882,4.245042939345227,0.8747191438585179,0.7847985347985348,0.987912087912088,1092,910,outputs/final_baseline_comparison/plain_unet/mask_regeneration/case_outputs/895/seg_mask_0.5.nii.gz
896,0.6671892555721042,0.6344796739886691,0.7034547357981156,8.22409802662844,0.7776619434633987,0.7374392220421394,0.8225255972696246,617,586,outputs/final_baseline_comparison/plain_unet/mask_regeneration/case_outputs/896/seg_mask_0.5.nii.gz
897,0.7622559186369852,0.6984824168707943,0.8388449313586258,8.069431371308019,0.8498324961402987,0.799,0.9075723830734966,1000,898,outputs/final_baseline_comparison/plain_unet/mask_regeneration/case_outputs/897/seg_mask_0.5.nii.gz
898,0.8255678433607003,0.7784317077340106,0.8787803600474182,1.037109375,0.9376589118471466,0.9171322160148976,0.9591254752851711,1074,1052,outputs/final_baseline_comparison/plain_unet/mask_regeneration/case_outputs/898/seg_mask_0.5.nii.gz
899,0.8269862748888459,0.761955650547689,0.904153017013632,3.027542836195716,0.9018287090865861,0.8328611898016998,0.983249581239531,706,597,outputs/final_baseline_comparison/plain_unet/mask_regeneration/case_outputs/899/seg_mask_0.5.nii.gz
900,0.8085719564012562,0.7424849019474792,0.8875730045425049,1.3126293300306224,0.9196302600330376,0.9060150375939849,0.9336609336609336,798,814,outputs/final_baseline_comparison/plain_unet/mask_regeneration/case_outputs/900/seg_mask_0.5.nii.gz
901,0.6366369978349772,0.5760618180828776,0.7114486373870089,35.86192505698317,0.7041018694320021,0.6033630069238378,0.845222072678331,1011,743,outputs/final_baseline_comparison/plain_unet/mask_regeneration/case_outputs/901/seg_mask_0.5.nii.gz
902,0.696787653327971,0.7415997859818084,0.6570825827249455,6.031225365074757,0.8017878456967266,0.8219306466729147,0.782608695652174,1067,1150,outputs/final_baseline_comparison/plain_unet/mask_regeneration/case_outputs/902/seg_mask_0.5.nii.gz
903,0.8375229021619641,0.7474654980705082,0.9522539788350971,0.6728338452402505,0.9439091490448376,0.9079754601226994,0.9828042328042328,815,756,outputs/final_baseline_comparison/plain_unet/mask_regeneration/case_outputs/903/seg_mask_0.5.nii.gz
904,0.6745545260156807,0.6591196879906802,0.6907295841184745,6.684066755541611,0.7647893392746418,0.7504743833017078,0.7796610169491526,1054,1121,outputs/final_baseline_comparison/plain_unet/mask_regeneration/case_outputs/904/seg_mask_0.5.nii.gz
905,0.7301022417338798,0.7770085682354402,0.6885367665263679,5.316543297048801,0.8675682142552252,0.8916046758767269,0.8447937131630648,941,1018,outputs/final_baseline_comparison/plain_unet/mask_regeneration/case_outputs/905/seg_mask_0.5.nii.gz
906,0.8315726459609831,0.8214770236894284,0.8419194980213198,1.4046336739722,0.8896714848883048,0.8863636363636364,0.8930041152263375,704,729,outputs/final_baseline_comparison/plain_unet/mask_regeneration/case_outputs/906/seg_mask_0.5.nii.gz
907,0.8055887808345035,0.8076187828021272,0.8035689583621525,3.7366975053049463,0.8848630484490871,0.9237967914438503,0.8490783410138248,748,868,outputs/final_baseline_comparison/plain_unet/mask_regeneration/case_outputs/907/seg_mask_0.5.nii.gz
908,0.8161162233707299,0.7862108746470748,0.8483865683865683,0.69921875,0.9548329679811243,0.9566596194503171,0.9530132788559755,946,979,outputs/final_baseline_comparison/plain_unet/mask_regeneration/case_outputs/908/seg_mask_0.5.nii.gz
909,0.6503687932476617,0.674792899408284,0.6276509870110809,7.776646976318426,0.8256796367607333,0.8061728395061728,0.8461538461538461,810,780,outputs/final_baseline_comparison/plain_unet/mask_regeneration/case_outputs/909/seg_mask_0.5.nii.gz
910,0.7649550724850119,0.6716517799685964,0.8883630668664034,5.697012680659104,0.8422585272894675,0.7481171548117155,0.9635036496350365,1195,959,outputs/final_baseline_comparison/plain_unet/mask_regeneration/case_outputs/910/seg_mask_0.5.nii.gz
911,0.8418863644175575,0.8288943788283868,0.8552921046198974,0.7265625,0.9428644825401175,0.9510309278350515,0.9348370927318296,776,798,outputs/final_baseline_comparison/plain_unet/mask_regeneration/case_outputs/911/seg_mask_0.5.nii.gz
912,0.7869592854036332,0.7035862770316753,0.892747352840715,5.0983094561206785,0.8849655576591571,0.8208469055374593,0.9599499374217773,921,799,outputs/final_baseline_comparison/plain_unet/mask_regeneration/case_outputs/912/seg_mask_0.5.nii.gz
913,0.7679475463103993,0.7191176071069575,0.8238919322709163,10.409863826802834,0.8300308199563006,0.7662942271880819,0.9053318824809575,1074,919,outputs/final_baseline_comparison/plain_unet/mask_regeneration/case_outputs/913/seg_mask_0.5.nii.gz
914,0.7292790703351969,0.7150517043278437,0.7440840930603297,4.082200256794196,0.830504500869641,0.795,0.8693284936479129,600,551,outputs/final_baseline_comparison/plain_unet/mask_regeneration/case_outputs/914/seg_mask_0.5.nii.gz
915,0.8325308920143254,0.7741778963851702,0.9003975888162113,0.9096531603145852,0.9391977492004658,0.8992932862190812,0.9828080229226361,1132,1047,outputs/final_baseline_comparison/plain_unet/mask_regeneration/case_outputs/915/seg_mask_0.5.nii.gz
916,0.7723615415923109,0.7146788725049973,0.8401730068453496,4.687490803120191,0.8535532110157011,0.793141592920354,0.9239263803680982,904,815,outputs/final_baseline_comparison/plain_unet/mask_regeneration/case_outputs/916/seg_mask_0.5.nii.gz
917,0.8057179273062893,0.784949689573967,0.827615006094533,3.6923602582233226,0.8655416821759662,0.8126626192541196,0.92578125,1153,1024,outputs/final_baseline_comparison/plain_unet/mask_regeneration/case_outputs/917/seg_mask_0.5.nii.gz
918,0.7379130907537571,0.634309176486297,0.8819679740078905,9.843725841862371,0.8004683769522043,0.6770334928229665,0.9789473684210527,836,570,outputs/final_baseline_comparison/plain_unet/mask_regeneration/case_outputs/918/seg_mask_0.5.nii.gz
919,0.8303870630553079,0.8214220546195486,0.8395499191843839,1.7385717810776602,0.9122578774072985,0.9589403973509933,0.8699095022624435,755,884,outputs/final_baseline_comparison/plain_unet/mask_regeneration/case_outputs/919/seg_mask_0.5.nii.gz
920,0.7145042319589381,0.6266770019676823,0.8309614168247944,22.175003586194155,0.7892000873358388,0.6889106967615309,0.9236641221374046,1019,786,outputs/final_baseline_comparison/plain_unet/mask_regeneration/case_outputs/920/seg_mask_0.5.nii.gz
921,0.8197562540089801,0.7600409382606771,0.8896551724137931,1.1920304461181586,0.9311196815749784,0.8729166666666667,0.9976387249114522,960,847,outputs/final_baseline_comparison/plain_unet/mask_regeneration/case_outputs/921/seg_mask_0.5.nii.gz
922,0.6376462008807113,0.5329113924050632,0.7936186553096418,21.959624915044138,0.7043056532523788,0.5846702317290553,0.8854961832061069,561,393,outputs/final_baseline_comparison/plain_unet/mask_regeneration/case_outputs/922/seg_mask_0.5.nii.gz
923,0.8294065295798398,0.7933776911530793,0.8688633185308766,2.6055741639095236,0.8789436361866713,0.8409756097560975,0.9205020920502092,1025,956,outputs/final_baseline_comparison/plain_unet/mask_regeneration/case_outputs/923/seg_mask_0.5.nii.gz
924,0.7531174168571949,0.695690481743502,0.8208781800391389,3.557444415110595,0.8549799336388055,0.8101889893179951,0.9050131926121372,1217,1137,outputs/final_baseline_comparison/plain_unet/mask_regeneration/case_outputs/924/seg_mask_0.5.nii.gz
925,0.6831424137166506,0.5507125494495019,0.8994278597283307,47.03697914978614,0.7630234933605721,0.6168455821635013,1.0,1211,734,outputs/final_baseline_comparison/plain_unet/mask_regeneration/case_outputs/925/seg_mask_0.5.nii.gz
926,0.8016084656084657,0.7587339743589744,0.8496186630776132,2.100858705283859,0.8891555570167508,0.8490566037735849,0.9332298136645962,689,644,outputs/final_baseline_comparison/plain_unet/mask_regeneration/case_outputs/926/seg_mask_0.5.nii.gz
927,0.6784554959737441,0.6052025340756383,0.7718832891246684,10.154150511593343,0.768634378526915,0.6875,0.8714810281517748,992,817,outputs/final_baseline_comparison/plain_unet/mask_regeneration/case_outputs/927/seg_mask_0.5.nii.gz
928,0.8186732587199826,0.8073347799298133,0.8303347568535611,2.0,0.9147017398508699,0.9206896551724137,0.9087912087912088,870,910,outputs/final_baseline_comparison/plain_unet/mask_regeneration/case_outputs/928/seg_mask_0.5.nii.gz
929,0.7439727236539228,0.6578818487909397,0.8559878927874467,8.63173794893914,0.7478628293201629,0.647887323943662,0.8843226788432268,852,657,outputs/final_baseline_comparison/plain_unet/mask_regeneration/case_outputs/929/seg_mask_0.5.nii.gz
930,0.7948738529041924,0.8105969660591509,0.7797490945357199,3.0828145045707407,0.8872117226377944,0.902330743618202,0.8725910064239829,901,934,outputs/final_baseline_comparison/plain_unet/mask_regeneration/case_outputs/930/seg_mask_0.5.nii.gz
931,0.6036789297658863,0.5073919833420094,0.7450695612291699,35.38950673978222,0.5918117647058824,0.43636363636363634,0.9192982456140351,550,285,outputs/final_baseline_comparison/plain_unet/mask_regeneration/case_outputs/931/seg_mask_0.5.nii.gz
932,0.802122440806928,0.7715716486902927,0.8351923277389763,2.186420622659277,0.9059840166330971,0.9032258064516129,0.9087591240875912,806,822,outputs/final_baseline_comparison/plain_unet/mask_regeneration/case_outputs/932/seg_mask_0.5.nii.gz
933,0.8221283756451953,0.7473157817326077,0.9135860184119677,2.4951017076941535,0.895483551205006,0.8181818181818182,0.9889162561576355,968,812,outputs/final_baseline_comparison/plain_unet/mask_regeneration/case_outputs/933/seg_mask_0.5.nii.gz
934,0.8513744276366494,0.7956670338671864,0.9154696132596685,0.6023736414437886,0.9539370909858561,0.9225806451612903,0.9875,930,880,outputs/final_baseline_comparison/plain_unet/mask_regeneration/case_outputs/934/seg_mask_0.5.nii.gz
935,0.8358213223518646,0.7740816272479275,0.9082631529879736,2.642485014296439,0.9247038405153326,0.863588667366212,0.9951278928136419,953,821,outputs/final_baseline_comparison/plain_unet/mask_regeneration/case_outputs/935/seg_mask_0.5.nii.gz
936,0.7796586120294564,0.7299731647049446,0.8366017052375152,2.962752216402982,0.8621747831887925,0.8181818181818182,0.9111675126903553,869,788,outputs/final_baseline_comparison/plain_unet/mask_regeneration/case_outputs/936/seg_mask_0.5.nii.gz
937,0.7831117281643261,0.7621786431986696,0.80522713130056,3.5827512072199643,0.8857793481766746,0.8683574879227053,0.9039145907473309,828,843,outputs/final_baseline_comparison/plain_unet/mask_regeneration/case_outputs/937/seg_mask_0.5.nii.gz
938,0.8044104803493449,0.7665515375972702,0.8462033166429326,6.06428800348877,0.8408863272563778,0.7744493392070485,0.9197916666666667,1135,960,outputs/final_baseline_comparison/plain_unet/mask_regeneration/case_outputs/938/seg_mask_0.5.nii.gz
939,0.7461774602987189,0.7225255094749479,0.7714303152369618,12.237964529899996,0.8503652753449821,0.7893755824790307,0.9215686274509803,1073,969,outputs/final_baseline_comparison/plain_unet/mask_regeneration/case_outputs/939/seg_mask_0.5.nii.gz
940,0.7460003950227138,0.6482450871020338,0.8784742411908362,6.4378865967015555,0.8151101183652237,0.7305236270753512,0.9218500797448166,783,627,outputs/final_baseline_comparison/plain_unet/mask_regeneration/case_outputs/940/seg_mask_0.5.nii.gz
941,0.7874564459930313,0.7398220296002582,0.8416469971151325,2.38662764504924,0.8847310805921141,0.878125,0.8914373088685015,640,654,outputs/final_baseline_comparison/plain_unet/mask_regeneration/case_outputs/941/seg_mask_0.5.nii.gz
942,0.7619410407804795,0.7675449816662403,0.756418336904912,5.419415094550427,0.8679044709200369,0.8876923076923077,0.8489795918367347,650,735,outputs/final_baseline_comparison/plain_unet/mask_regeneration/case_outputs/942/seg_mask_0.5.nii.gz
943,0.7263632266786841,0.5958154665089457,0.9301708217913204,10.58092094874003,0.7764304712541772,0.6484848484848484,0.9672727272727273,825,550,outputs/final_baseline_comparison/plain_unet/mask_regeneration/case_outputs/943/seg_mask_0.5.nii.gz
944,0.8408249468822758,0.7950340447032216,0.892212981963495,0.8385254915624212,0.9338255920401106,0.8893925657298277,0.9829317269076305,1103,996,outputs/final_baseline_comparison/plain_unet/mask_regeneration/case_outputs/944/seg_mask_0.5.nii.gz
945,0.7208776433198876,0.6181217901687455,0.8646092948248058,15.685444561336503,0.7540694450556704,0.6131455399061033,0.9791044776119403,1065,670,outputs/final_baseline_comparison/plain_unet/mask_regeneration/case_outputs/945/seg_mask_0.5.nii.gz
946,0.6417543514603206,0.6145240875362538,0.6715097135330919,10.261908335943783,0.7418100551054037,0.6806495263870095,0.8150470219435737,739,638,outputs/final_baseline_comparison/plain_unet/mask_regeneration/case_outputs/946/seg_mask_0.5.nii.gz
947,0.8172012858902586,0.7976383648413521,0.8377479364297155,2.7952173531354463,0.9045262253429147,0.8808114961961115,0.929553264604811,1183,1164,outputs/final_baseline_comparison/plain_unet/mask_regeneration/case_outputs/947/seg_mask_0.5.nii.gz
948,0.838168539445289,0.780927477664864,0.9044647363832423,1.2105594167832077,0.9213360625494984,0.8705787781350482,0.9783783783783784,1244,1110,outputs/final_baseline_comparison/plain_unet/mask_regeneration/case_outputs/948/seg_mask_0.5.nii.gz
949,0.8261091094369837,0.8442997954249581,0.8086857387153087,1.1255186792600473,0.9257862541840745,0.9492847854356307,0.9034229828850856,769,818,outputs/final_baseline_comparison/plain_unet/mask_regeneration/case_outputs/949/seg_mask_0.5.nii.gz
950,0.7087837982488064,0.5721296744314647,0.9312032401417562,12.992572153701396,0.7683384320788987,0.6295454545454545,0.9856373429084381,880,557,outputs/final_baseline_comparison/plain_unet/mask_regeneration/case_outputs/950/seg_mask_0.5.nii.gz
951,0.7956657071309883,0.7393280417527455,0.8612975958249943,4.332494409979082,0.8656173082094027,0.8064516129032258,0.9341517857142857,1023,896,outputs/final_baseline_comparison/plain_unet/mask_regeneration/case_outputs/951/seg_mask_0.5.nii.gz
952,0.7961178829332339,0.7218468468468469,0.8874253391875322,4.552424797519246,0.8853992705876795,0.847877358490566,0.9263959390862944,848,788,outputs/final_baseline_comparison/plain_unet/mask_regeneration/case_outputs/952/seg_mask_0.5.nii.gz
953,0.7891067863738751,0.7785431412200876,0.7999610398043332,2.156083694900099,0.9014340333449192,0.9312977099236641,0.873426110006627,1310,1509,outputs/final_baseline_comparison/plain_unet/mask_regeneration/case_outputs/953/seg_mask_0.5.nii.gz
954,0.7465723576145621,0.6885240833487912,0.8153097085956948,10.29043363734396,0.8007737717151348,0.720873786407767,0.900593471810089,824,674,outputs/final_baseline_comparison/plain_unet/mask_regeneration/case_outputs/954/seg_mask_0.5.nii.gz
955,0.7711242053931671,0.7557034761335837,0.7871873888823041,3.502607649782135,0.8314897667777249,0.7819314641744548,0.8877551020408163,963,882,outputs/final_baseline_comparison/plain_unet/mask_regeneration/case_outputs/955/seg_mask_0.5.nii.gz
956,0.724522610836346,0.6081387989128412,0.8959956116291826,6.354940531982897,0.811930340157668,0.7023498694516971,0.9620253164556962,766,553,outputs/final_baseline_comparison/plain_unet/mask_regeneration/case_outputs/956/seg_mask_0.5.nii.gz
957,0.7712375224835578,0.7816152732939998,0.7611317379874794,1.9073353163597646,0.9004210449432895,0.923904052936311,0.878102189781022,1209,1370,outputs/final_baseline_comparison/plain_unet/mask_regeneration/case_outputs/957/seg_mask_0.5.nii.gz
958,0.7304565521696996,0.6492248062015504,0.8349230769230769,8.030941189636001,0.7764866059165662,0.6768128916741272,0.9105882352941177,1117,850,outputs/final_baseline_comparison/plain_unet/mask_regeneration/case_outputs/958/seg_mask_0.5.nii.gz
959,0.7487468387018612,0.7236403020900416,0.7756581218035205,4.9749371855331,0.8247770907907583,0.7959413754227734,0.8557806912991657,887,839,outputs/final_baseline_comparison/plain_unet/mask_regeneration/case_outputs/959/seg_mask_0.5.nii.gz
960,0.8297081219781656,0.7903408319377179,0.8732028104918361,1.7480457838683745,0.9255819107400092,0.8819875776397516,0.9737098344693281,1127,1027,outputs/final_baseline_comparison/plain_unet/mask_regeneration/case_outputs/960/seg_mask_0.5.nii.gz
961,0.823878565622578,0.7876246927858899,0.8636309594578528,2.6001926057340565,0.9198186962510704,0.8910256410256411,0.9505347593582888,780,748,outputs/final_baseline_comparison/plain_unet/mask_regeneration/case_outputs/961/seg_mask_0.5.nii.gz
962,0.7208620392260316,0.7186817188638019,0.7230556290581938,13.469151392019388,0.768952903421185,0.7344309234073013,0.8068803752931978,1397,1279,outputs/final_baseline_comparison/plain_unet/mask_regeneration/case_outputs/962/seg_mask_0.5.nii.gz
963,0.8317986707283301,0.7676996805111821,0.9075766732134763,2.7462937782767454,0.9144569188586497,0.8555219364599093,0.9821124361158433,1322,1174,outputs/final_baseline_comparison/plain_unet/mask_regeneration/case_outputs/963/seg_mask_0.5.nii.gz
964,0.8231205706082082,0.8219405634187412,0.8243039707895938,2.564471036569938,0.9103189662724945,0.8849472674976031,0.9371884346959123,1043,1003,outputs/final_baseline_comparison/plain_unet/mask_regeneration/case_outputs/964/seg_mask_0.5.nii.gz
965,0.7886351842241827,0.7938050092715924,0.7835322626382408,2.3523183222637645,0.8873401089512217,0.8696939782823297,0.905717151454363,1013,997,outputs/final_baseline_comparison/plain_unet/mask_regeneration/case_outputs/965/seg_mask_0.5.nii.gz
966,0.7881164714730847,0.7034284344281947,0.8959872961583094,2.5817593937822347,0.8694068115366054,0.7991869918699187,0.9531548757170172,1230,1046,outputs/final_baseline_comparison/plain_unet/mask_regeneration/case_outputs/966/seg_mask_0.5.nii.gz
967,0.840179558909635,0.8223846761252197,0.8587615703798276,0.9501526559348651,0.9324942256314368,0.8938814531548758,0.9745934959349594,1046,984,outputs/final_baseline_comparison/plain_unet/mask_regeneration/case_outputs/967/seg_mask_0.5.nii.gz
968,0.7715260635980834,0.6987769594950026,0.8611831442463533,11.275420284528822,0.8305785123966942,0.730909090909091,0.9617224880382775,825,627,outputs/final_baseline_comparison/plain_unet/mask_regeneration/case_outputs/968/seg_mask_0.5.nii.gz
969,0.7982661237357153,0.7432792739903623,0.8620386393940254,1.971634946016012,0.9144467124744846,0.8763183125599233,0.9560439560439561,1043,1001,outputs/final_baseline_comparison/plain_unet/mask_regeneration/case_outputs/969/seg_mask_0.5.nii.gz
970,0.7701561541727603,0.7458083969116908,0.7961472811509388,4.491285167192546,0.8495824207671141,0.8147013782542113,0.8875838926174496,653,596,outputs/final_baseline_comparison/plain_unet/mask_regeneration/case_outputs/970/seg_mask_0.5.nii.gz
971,0.6798809264503013,0.7149456003054018,0.6480949579541129,9.827109697270853,0.7925058189464417,0.7568306010928961,0.8317107093184979,732,719,outputs/final_baseline_comparison/plain_unet/mask_regeneration/case_outputs/971/seg_mask_0.5.nii.gz
972,0.7198328733517326,0.6149387648176043,0.8678713374618726,6.026383862245553,0.8228449759119063,0.7242524916943521,0.9525101763907734,903,737,outputs/final_baseline_comparison/plain_unet/mask_regeneration/case_outputs/972/seg_mask_0.5.nii.gz
973,0.7983348979692673,0.762487907316958,0.8377187297472456,5.941283295592488,0.8482057743016262,0.8106904231625836,0.8893617021276595,898,940,outputs/final_baseline_comparison/plain_unet/mask_regeneration/case_outputs/973/seg_mask_0.5.nii.gz
974,0.811809991117127,0.801952230523659,0.8219131149787584,2.476270592270275,0.8564051484880426,0.8378588052754073,0.8757911392405063,1289,1264,outputs/final_baseline_comparison/plain_unet/mask_regeneration/case_outputs/974/seg_mask_0.5.nii.gz
975,0.8199976592673507,0.9108400320672546,0.7456322389542206,2.331242669224399,0.9049906936728793,0.9698397737983034,0.8482704402515723,1061,1272,outputs/final_baseline_comparison/plain_unet/mask_regeneration/case_outputs/975/seg_mask_0.5.nii.gz
976,0.724985477781005,0.7871417872206236,0.6719270500353309,3.7914554473900557,0.783006419561405,0.8726483357452967,0.7100656455142232,691,914,outputs/final_baseline_comparison/plain_unet/mask_regeneration/case_outputs/976/seg_mask_0.5.nii.gz
977,0.8442653325921808,0.8891888375723671,0.8036627667705333,0.714923791625395,0.9612811859239925,0.9821882951653944,0.9412455934195064,786,851,outputs/final_baseline_comparison/plain_unet/mask_regeneration/case_outputs/977/seg_mask_0.5.nii.gz
978,0.6855449254441868,0.6483009003775777,0.727329010394604,11.431861420587323,0.7215889728324528,0.6329243353783232,0.839142091152815,978,746,outputs/final_baseline_comparison/plain_unet/mask_regeneration/case_outputs/978/seg_mask_0.5.nii.gz
979,0.8183720045644732,0.7927413411938099,0.8457154088050315,3.355785350495993,0.8928515695842699,0.9192982456140351,0.8678839957035446,855,931,outputs/final_baseline_comparison/plain_unet/mask_regeneration/case_outputs/979/seg_mask_0.5.nii.gz
980,0.7949838208075747,0.7816291161178509,0.8088028078805114,5.27727074223186,0.8149073262524746,0.7640047675804529,0.8730769230769231,839,780,outputs/final_baseline_comparison/plain_unet/mask_regeneration/case_outputs/980/seg_mask_0.5.nii.gz
981,0.732291868814283,0.6086781192031615,0.9189090466333861,39.66187847212863,0.7688206440605673,0.6358024691358025,0.9722222222222222,648,432,outputs/final_baseline_comparison/plain_unet/mask_regeneration/case_outputs/981/seg_mask_0.5.nii.gz
982,0.8255102517397599,0.7548579970104634,0.9107538517029937,1.7985294063952486,0.9207693520280031,0.8701472556894244,0.977645305514158,747,671,outputs/final_baseline_comparison/plain_unet/mask_regeneration/case_outputs/982/seg_mask_0.5.nii.gz
983,0.7974928193702521,0.7849556119213696,0.8104370123847455,2.305999692653824,0.8795439151049899,0.8440191387559809,0.9181905678537055,1045,1039,outputs/final_baseline_comparison/plain_unet/mask_regeneration/case_outputs/983/seg_mask_0.5.nii.gz
984,0.8055506943515096,0.7716094424832863,0.8426153249773872,5.449262152604929,0.8674277626835954,0.8079526226734348,0.9363548698167792,1182,1037,outputs/final_baseline_comparison/plain_unet/mask_regeneration/case_outputs/984/seg_mask_0.5.nii.gz
985,0.7576953216293872,0.7195414904172541,0.8001219476786389,9.190411508886966,0.7955971699265826,0.7046728971962617,0.9134615384615384,1070,832,outputs/final_baseline_comparison/plain_unet/mask_regeneration/case_outputs/985/seg_mask_0.5.nii.gz
986,0.7595331934278549,0.8707055889687546,0.6735356194539637,7.528412977057316,0.8760298035541763,0.9235511713933415,0.8331595411887383,811,959,outputs/final_baseline_comparison/plain_unet/mask_regeneration/case_outputs/986/seg_mask_0.5.nii.gz
987,0.787312771862145,0.8291909371696274,0.749461338129766,7.314403318839106,0.8686235057403242,0.9745916515426497,0.7834394904458599,1102,1413,outputs/final_baseline_comparison/plain_unet/mask_regeneration/case_outputs/987/seg_mask_0.5.nii.gz
988,0.6519446931264299,0.52432,0.861688140941362,17.676709877194895,0.670111619054049,0.5236625514403292,0.9302752293577982,972,545,outputs/final_baseline_comparison/plain_unet/mask_regeneration/case_outputs/988/seg_mask_0.5.nii.gz
989,0.7910107853388143,0.7885823623486407,0.7934542110858883,2.305999692653824,0.9015590200445434,0.9342770475227502,0.8710550045085663,989,1109,outputs/final_baseline_comparison/plain_unet/mask_regeneration/case_outputs/989/seg_mask_0.5.nii.gz
990,0.7412854181064271,0.6357816871354735,0.8887710460029166,34.50601664853923,0.7634186196750324,0.6256239600665557,0.9790575916230366,1202,764,outputs/final_baseline_comparison/plain_unet/mask_regeneration/case_outputs/990/seg_mask_0.5.nii.gz
991,0.8127448855394568,0.8043894389438944,0.8212757354180005,2.6357557558584626,0.9159704741132932,0.8933951332560834,0.9397163120567376,863,846,outputs/final_baseline_comparison/plain_unet/mask_regeneration/case_outputs/991/seg_mask_0.5.nii.gz
992,0.7917321950123568,0.7225618848792127,0.8755477255273976,2.614942629824867,0.8897547676915758,0.8254593175853019,0.9649122807017544,762,684,outputs/final_baseline_comparison/plain_unet/mask_regeneration/case_outputs/992/seg_mask_0.5.nii.gz
993,0.7721590171735087,0.7139771527311126,0.8406646195580506,5.802000926626585,0.8130150619238291,0.7288029925187033,0.9192307692307692,1604,1300,outputs/final_baseline_comparison/plain_unet/mask_regeneration/case_outputs/993/seg_mask_0.5.nii.gz
994,0.7834442173239419,0.69652282618761,0.8951533724078427,5.7046613359010445,0.875846436359463,0.8048780487804879,0.960539979231568,1148,963,outputs/final_baseline_comparison/plain_unet/mask_regeneration/case_outputs/994/seg_mask_0.5.nii.gz
995,0.6978393505883989,0.6333175579744439,0.7769993032437873,26.451570019221638,0.7643132818131221,0.6613207547169812,0.9053030303030303,1060,792,outputs/final_baseline_comparison/plain_unet/mask_regeneration/case_outputs/995/seg_mask_0.5.nii.gz
996,0.8212803688597269,0.7999447265692472,0.8437853004409139,3.5936231507843885,0.9180055329705297,0.9007263922518159,0.9359605911330049,826,812,outputs/final_baseline_comparison/plain_unet/mask_regeneration/case_outputs/996/seg_mask_0.5.nii.gz
997,0.7560181872735245,0.7517499368875221,0.7603351825630789,2.865234375,0.8703150547300512,0.8341750841750841,0.9097283085013146,1188,1141,outputs/final_baseline_comparison/plain_unet/mask_regeneration/case_outputs/997/seg_mask_0.5.nii.gz
998,0.8148354583246243,0.7402422043124183,0.906146694214876,1.4402598549244616,0.9152753160417991,0.8622350674373795,0.975268817204301,1038,930,outputs/final_baseline_comparison/plain_unet/mask_regeneration/case_outputs/998/seg_mask_0.5.nii.gz
999,0.6710607825160443,0.6469042614179247,0.6970913770913771,5.031969276652006,0.7817851852084833,0.7331288343558282,0.8373590982286635,652,621,outputs/final_baseline_comparison/plain_unet/mask_regeneration/case_outputs/999/seg_mask_0.5.nii.gz
