case_id,variant_id,stl,stl_bytes,slice_seconds,return_code,toolpath_success,gcode_generated,warning_count,warnings,stderr_tail,gcode_bytes,layer_count,empty_layer_count,estimated_print_time_text,estimated_print_time_min,filament_used_g,filament_used_mm,profile_name
779,s0_original,meshes/s0_original/case_outputs/779__s0_original/segmentation_repaired.stl,3554984,8.02,1,False,False,8,Consider enabling brim; Consider enabling supports; Detected print stability issues; Floating object part; Loose extrusions; Low bed adhesion; Repaired; WARNING,There is an object with no extrusions in the first layer. | Object name: segmentation_repaired.stl,,,,,,,,P1_no_supports
784,s0_original,meshes/s0_original/case_outputs/784__s0_original/segmentation_repaired.stl,2645284,6.31,1,False,False,8,Consider enabling brim; Consider enabling supports; Detected print stability issues; Floating object part; Loose extrusions; Low bed adhesion; Repaired; WARNING,There is an object with no extrusions in the first layer. | Object name: segmentation_repaired.stl,,,,,,,,P1_no_supports
785,s0_original,meshes/s0_original/case_outputs/785__s0_original/segmentation_repaired.stl,1904884,4.86,1,False,False,8,Consider enabling brim; Consider enabling supports; Detected print stability issues; Floating object part; Loose extrusions; Low bed adhesion; Repaired; WARNING,There is an object with no extrusions in the first layer. | Object name: segmentation_repaired.stl,,,,,,,,P1_no_supports
787,s0_original,meshes/s0_original/case_outputs/787__s0_original/segmentation_repaired.stl,2584284,5.88,1,False,False,8,Consider enabling brim; Consider enabling supports; Detected print stability issues; Floating object part; Loose extrusions; Low bed adhesion; Repaired; WARNING,There is an object with no extrusions in the first layer. | Object name: segmentation_repaired.stl,,,,,,,,P1_no_supports
788,s0_original,meshes/s0_original/case_outputs/788__s0_original/segmentation_repaired.stl,3893084,8.83,1,False,False,8,Consider enabling brim; Consider enabling supports; Detected print stability issues; Floating object part; Loose extrusions; Low bed adhesion; Repaired; WARNING,There is an object with no extrusions in the first layer. | Object name: segmentation_repaired.stl,,,,,,,,P1_no_supports
795,s0_original,meshes/s0_original/case_outputs/795__s0_original/segmentation_repaired.stl,2573084,5.75,1,False,False,8,Consider enabling brim; Consider enabling supports; Detected print stability issues; Floating object part; Loose extrusions; Low bed adhesion; Repaired; WARNING,There is an object with no extrusions in the first layer. | Object name: segmentation_repaired.stl,,,,,,,,P1_no_supports
799,s0_original,meshes/s0_original/case_outputs/799__s0_original/segmentation_repaired.stl,3670984,8.75,1,False,False,8,Consider enabling brim; Consider enabling supports; Detected print stability issues; Floating object part; Loose extrusions; Low bed adhesion; Repaired; WARNING,There is an object with no extrusions in the first layer. | Object name: segmentation_repaired.stl,,,,,,,,P1_no_supports
806,s0_original,meshes/s0_original/case_outputs/806__s0_original/segmentation_repaired.stl,3330084,8.41,1,False,False,8,Consider enabling brim; Consider enabling supports; Detected print stability issues; Floating object part; Loose extrusions; Low bed adhesion; Repaired; WARNING,There is an object with no extrusions in the first layer. | Object name: segmentation_repaired.stl,,,,,,,,P1_no_supports
821,s0_original,meshes/s0_original/case_outputs/821__s0_original/segmentation_repaired.stl,2295884,5.09,1,False,False,6,Consider enabling supports; Detected print stability issues; Floating object part; Loose extrusions; Repaired; WARNING,There is an object with no extrusions in the first layer. | Object name: segmentation_repaired.stl,,,,,,,,P1_no_supports
838,s0_original,meshes/s0_original/case_outputs/838__s0_original/segmentation_repaired.stl,3064184,7.17,1,False,False,8,Consider enabling brim; Consider enabling supports; Detected print stability issues; Floating object part; Loose extrusions; Low bed adhesion; Repaired; WARNING,There is an object with no extrusions in the first layer. | Object name: segmentation_repaired.stl,,,,,,,,P1_no_supports
846,s0_original,meshes/s0_original/case_outputs/846__s0_original/segmentation_repaired.stl,2889984,6.3,1,False,False,8,Consider enabling brim; Consider enabling supports; Detected print stability issues; Floating object part; Loose extrusions; Low bed adhesion; Repaired; WARNING,There is an object with no extrusions in the first layer. | Object name: segmentation_repaired.stl,,,,,,,,P1_no_supports
852,s0_original,meshes/s0_original/case_outputs/852__s0_original/segmentation_repaired.stl,4031084,8.29,1,False,False,8,Consider enabling brim; Consider enabling supports; Detected print stability issues; Floating object part; Loose extrusions; Low bed adhesion; Repaired; WARNING,There is an object with no extrusions in the first layer. | Object name: segmentation_repaired.stl,,,,,,,,P1_no_supports
868,s0_original,meshes/s0_original/case_outputs/868__s0_original/segmentation_repaired.stl,1718384,4.2,1,False,False,8,Consider enabling brim; Consider enabling supports; Detected print stability issues; Floating object part; Loose extrusions; Low bed adhesion; Repaired; WARNING,There is an object with no extrusions in the first layer. | Object name: segmentation_repaired.stl,,,,,,,,P1_no_supports
871,s0_original,meshes/s0_original/case_outputs/871__s0_original/segmentation_repaired.stl,3028384,7.27,1,False,False,8,Consider enabling brim; Consider enabling supports; Detected print stability issues; Floating object part; Loose extrusions; Low bed adhesion; Repaired; WARNING,There is an object with no extrusions in the first layer. | Object name: segmentation_repaired.stl,,,,,,,,P1_no_supports
913,s0_original,meshes/s0_original/case_outputs/913__s0_original/segmentation_repaired.stl,3498684,7.64,1,False,False,8,Consider enabling brim; Consider enabling supports; Detected print stability issues; Floating object part; Loose extrusions; Low bed adhesion; Repaired; WARNING,There is an object with no extrusions in the first layer. | Object name: segmentation_repaired.stl,,,,,,,,P1_no_supports
914,s0_original,meshes/s0_original/case_outputs/914__s0_original/segmentation_repaired.stl,2224684,5.67,1,False,False,8,Consider enabling brim; Consider enabling supports; Detected print stability issues; Floating object part; Loose extrusions; Low bed adhesion; Repaired; WARNING,There is an object with no extrusions in the first layer. | Object name: segmentation_repaired.stl,,,,,,,,P1_no_supports
917,s0_original,meshes/s0_original/case_outputs/917__s0_original/segmentation_repaired.stl,3797584,8.52,1,False,False,8,Consider enabling brim; Consider enabling supports; Detected print stability issues; Floating object part; Loose extrusions; Low bed adhesion; Repaired; WARNING,There is an object with no extrusions in the first layer. | Object name: segmentation_repaired.stl,,,,,,,,P1_no_supports
919,s0_original,meshes/s0_original/case_outputs/919__s0_original/segmentation_repaired.stl,2996684,6.6,1,False,False,8,Consider enabling brim; Consider enabling supports; Detected print stability issues; Floating object part; Loose extrusions; Low bed adhesion; Repaired; WARNING,There is an object with no extrusions in the first layer. | Object name: segmentation_repaired.stl,,,,,,,,P1_no_supports
928,s0_original,meshes/s0_original/case_outputs/928__s0_original/segmentation_repaired.stl,2932884,6.93,1,False,False,8,Consider enabling brim; Consider enabling supports; Detected print stability issues; Floating object part; Loose extrusions; Low bed adhesion; Repaired; WARNING,There is an object with no extrusions in the first layer. | Object name: segmentation_repaired.stl,,,,,,,,P1_no_supports
943,s0_original,meshes/s0_original/case_outputs/943__s0_original/segmentation_repaired.stl,2731884,6.44,1,False,False,8,Consider enabling brim; Consider enabling supports; Detected print stability issues; Floating object part; Loose extrusions; Low bed adhesion; Repaired; WARNING,There is an object with no extrusions in the first layer. | Object name: segmentation_repaired.stl,,,,,,,,P1_no_supports
964,s0_original,meshes/s0_original/case_outputs/964__s0_original/segmentation_repaired.stl,3700084,7.56,1,False,False,8,Consider enabling brim; Consider enabling supports; Detected print stability issues; Floating object part; Loose extrusions; Low bed adhesion; Repaired; WARNING,There is an object with no extrusions in the first layer. | Object name: segmentation_repaired.stl,,,,,,,,P1_no_supports
968,s0_original,meshes/s0_original/case_outputs/968__s0_original/segmentation_repaired.stl,2285484,5.34,1,False,False,6,Consider enabling supports; Detected print stability issues; Floating object part; Loose extrusions; Repaired; WARNING,There is an object with no extrusions in the first layer. | Object name: segmentation_repaired.stl,,,,,,,,P1_no_supports
976,s0_original,meshes/s0_original/case_outputs/976__s0_original/segmentation_repaired.stl,2673784,6.25,1,False,False,6,Consider enabling supports; Detected print stability issues; Floating object part; Loose extrusions; Repaired; WARNING,There is an object with no extrusions in the first layer. | Object name: segmentation_repaired.stl,,,,,,,,P1_no_supports
979,s0_original,meshes/s0_original/case_outputs/979__s0_original/segmentation_repaired.stl,2979484,6.79,1,False,False,8,Consider enabling brim; Consider enabling supports; Detected print stability issues; Floating object part; Loose extrusions; Low bed adhesion; Repaired; WARNING,There is an object with no extrusions in the first layer. | Object name: segmentation_repaired.stl,,,,,,,,P1_no_supports
981,s0_original,meshes/s0_original/case_outputs/981__s0_original/segmentation_repaired.stl,1857384,4.32,1,False,False,6,Consider enabling supports; Detected print stability issues; Floating object part; Loose extrusions; Repaired; WARNING,There is an object with no extrusions in the first layer. | Object name: segmentation_repaired.stl,,,,,,,,P1_no_supports
779,s1_absolute_volume__mm3_5,meshes/s1_absolute_volume__mm3_5/case_outputs/779__s1_absolute_volume__mm3_5/segmentation_repaired.stl,3549684,7.96,1,False,False,8,Consider enabling brim; Consider enabling supports; Detected print stability issues; Floating object part; Loose extrusions; Low bed adhesion; Repaired; WARNING,There is an object with no extrusions in the first layer. | Object name: segmentation_repaired.stl,,,,,,,,P1_no_supports
784,s1_absolute_volume__mm3_5,meshes/s1_absolute_volume__mm3_5/case_outputs/784__s1_absolute_volume__mm3_5/segmentation_repaired.stl,2637484,5.9,1,False,False,8,Consider enabling brim; Consider enabling supports; Detected print stability issues; Floating object part; Loose extrusions; Low bed adhesion; Repaired; WARNING,There is an object with no extrusions in the first layer. | Object name: segmentation_repaired.stl,,,,,,,,P1_no_supports
785,s1_absolute_volume__mm3_5,meshes/s1_absolute_volume__mm3_5/case_outputs/785__s1_absolute_volume__mm3_5/segmentation_repaired.stl,1904884,4.82,1,False,False,8,Consider enabling brim; Consider enabling supports; Detected print stability issues; Floating object part; Loose extrusions; Low bed adhesion; Repaired; WARNING,There is an object with no extrusions in the first layer. | Object name: segmentation_repaired.stl,,,,,,,,P1_no_supports
787,s1_absolute_volume__mm3_5,meshes/s1_absolute_volume__mm3_5/case_outputs/787__s1_absolute_volume__mm3_5/segmentation_repaired.stl,2584284,5.64,1,False,False,8,Consider enabling brim; Consider enabling supports; Detected print stability issues; Floating object part; Loose extrusions; Low bed adhesion; Repaired; WARNING,There is an object with no extrusions in the first layer. | Object name: segmentation_repaired.stl,,,,,,,,P1_no_supports
788,s1_absolute_volume__mm3_5,meshes/s1_absolute_volume__mm3_5/case_outputs/788__s1_absolute_volume__mm3_5/segmentation_repaired.stl,3885884,8.47,1,False,False,8,Consider enabling brim; Consider enabling supports; Detected print stability issues; Floating object part; Loose extrusions; Low bed adhesion; Repaired; WARNING,There is an object with no extrusions in the first layer. | Object name: segmentation_repaired.stl,,,,,,,,P1_no_supports
799,s1_absolute_volume__mm3_5,meshes/s1_absolute_volume__mm3_5/case_outputs/799__s1_absolute_volume__mm3_5/segmentation_repaired.stl,3660984,8.18,1,False,False,8,Consider enabling brim; Consider enabling supports; Detected print stability issues; Floating object part; Loose extrusions; Low bed adhesion; Repaired; WARNING,There is an object with no extrusions in the first layer. | Object name: segmentation_repaired.stl,,,,,,,,P1_no_supports
806,s1_absolute_volume__mm3_5,meshes/s1_absolute_volume__mm3_5/case_outputs/806__s1_absolute_volume__mm3_5/segmentation_repaired.stl,3325484,7.37,1,False,False,8,Consider enabling brim; Consider enabling supports; Detected print stability issues; Floating object part; Loose extrusions; Low bed adhesion; Repaired; WARNING,There is an object with no extrusions in the first layer. | Object name: segmentation_repaired.stl,,,,,,,,P1_no_supports
838,s1_absolute_volume__mm3_5,meshes/s1_absolute_volume__mm3_5/case_outputs/838__s1_absolute_volume__mm3_5/segmentation_repaired.stl,3063384,7.05,1,False,False,8,Consider enabling brim; Consider enabling supports; Detected print stability issues; Floating object part; Loose extrusions; Low bed adhesion; Repaired; WARNING,There is an object with no extrusions in the first layer. | Object name: segmentation_repaired.stl,,,,,,,,P1_no_supports
846,s1_absolute_volume__mm3_5,meshes/s1_absolute_volume__mm3_5/case_outputs/846__s1_absolute_volume__mm3_5/segmentation_repaired.stl,2885384,6.75,1,False,False,8,Consider enabling brim; Consider enabling supports; Detected print stability issues; Floating object part; Loose extrusions; Low bed adhesion; Repaired; WARNING,There is an object with no extrusions in the first layer. | Object name: segmentation_repaired.stl,,,,,,,,P1_no_supports
852,s1_absolute_volume__mm3_5,meshes/s1_absolute_volume__mm3_5/case_outputs/852__s1_absolute_volume__mm3_5/segmentation_repaired.stl,4002684,8.05,1,False,False,8,Consider enabling brim; Consider enabling supports; Detected print stability issues; Floating object part; Loose extrusions; Low bed adhesion; Repaired; WARNING,There is an object with no extrusions in the first layer. | Object name: segmentation_repaired.stl,,,,,,,,P1_no_supports
868,s1_absolute_volume__mm3_5,meshes/s1_absolute_volume__mm3_5/case_outputs/868__s1_absolute_volume__mm3_5/segmentation_repaired.stl,1711384,4.13,1,False,False,8,Consider enabling brim; Consider enabling supports; Detected print stability issues; Floating object part; Loose extrusions; Low bed adhesion; Repaired; WARNING,There is an object with no extrusions in the first layer. | Object name: segmentation_repaired.stl,,,,,,,,P1_no_supports
871,s1_absolute_volume__mm3_5,meshes/s1_absolute_volume__mm3_5/case_outputs/871__s1_absolute_volume__mm3_5/segmentation_repaired.stl,3026984,6.94,1,False,False,8,Consider enabling brim; Consider enabling supports; Detected print stability issues; Floating object part; Loose extrusions; Low bed adhesion; Repaired; WARNING,There is an object with no extrusions in the first layer. | Object name: segmentation_repaired.stl,,,,,,,,P1_no_supports
913,s1_absolute_volume__mm3_5,meshes/s1_absolute_volume__mm3_5/case_outputs/913__s1_absolute_volume__mm3_5/segmentation_repaired.stl,3492684,8.42,1,False,False,8,Consider enabling brim; Consider enabling supports; Detected print stability issues; Floating object part; Loose extrusions; Low bed adhesion; Repaired; WARNING,There is an object with no extrusions in the first layer. | Object name: segmentation_repaired.stl,,,,,,,,P1_no_supports
914,s1_absolute_volume__mm3_5,meshes/s1_absolute_volume__mm3_5/case_outputs/914__s1_absolute_volume__mm3_5/segmentation_repaired.stl,2216884,5.49,1,False,False,8,Consider enabling brim; Consider enabling supports; Detected print stability issues; Floating object part; Loose extrusions; Low bed adhesion; Repaired; WARNING,There is an object with no extrusions in the first layer. | Object name: segmentation_repaired.stl,,,,,,,,P1_no_supports
917,s1_absolute_volume__mm3_5,meshes/s1_absolute_volume__mm3_5/case_outputs/917__s1_absolute_volume__mm3_5/segmentation_repaired.stl,3783384,8.5,1,False,False,8,Consider enabling brim; Consider enabling supports; Detected print stability issues; Floating object part; Loose extrusions; Low bed adhesion; Repaired; WARNING,There is an object with no extrusions in the first layer. | Object name: segmentation_repaired.stl,,,,,,,,P1_no_supports
919,s1_absolute_volume__mm3_5,meshes/s1_absolute_volume__mm3_5/case_outputs/919__s1_absolute_volume__mm3_5/segmentation_repaired.stl,2996684,6.86,1,False,False,8,Consider enabling brim; Consider enabling supports; Detected print stability issues; Floating object part; Loose extrusions; Low bed adhesion; Repaired; WARNING,There is an object with no extrusions in the first layer. | Object name: segmentation_repaired.stl,,,,,,,,P1_no_supports
928,s1_absolute_volume__mm3_5,meshes/s1_absolute_volume__mm3_5/case_outputs/928__s1_absolute_volume__mm3_5/segmentation_repaired.stl,2914284,7.03,1,False,False,8,Consider enabling brim; Consider enabling supports; Detected print stability issues; Floating object part; Loose extrusions; Low bed adhesion; Repaired; WARNING,There is an object with no extrusions in the first layer. | Object name: segmentation_repaired.stl,,,,,,,,P1_no_supports
943,s1_absolute_volume__mm3_5,meshes/s1_absolute_volume__mm3_5/case_outputs/943__s1_absolute_volume__mm3_5/segmentation_repaired.stl,2726084,6.48,1,False,False,8,Consider enabling brim; Consider enabling supports; Detected print stability issues; Floating object part; Loose extrusions; Low bed adhesion; Repaired; WARNING,There is an object with no extrusions in the first layer. | Object name: segmentation_repaired.stl,,,,,,,,P1_no_supports
964,s1_absolute_volume__mm3_5,meshes/s1_absolute_volume__mm3_5/case_outputs/964__s1_absolute_volume__mm3_5/segmentation_repaired.stl,3694284,8.31,1,False,False,8,Consider enabling brim; Consider enabling supports; Detected print stability issues; Floating object part; Loose extrusions; Low bed adhesion; Repaired; WARNING,There is an object with no extrusions in the first layer. | Object name: segmentation_repaired.stl,,,,,,,,P1_no_supports
979,s1_absolute_volume__mm3_5,meshes/s1_absolute_volume__mm3_5/case_outputs/979__s1_absolute_volume__mm3_5/segmentation_repaired.stl,2973684,6.37,1,False,False,8,Consider enabling brim; Consider enabling supports; Detected print stability issues; Floating object part; Loose extrusions; Low bed adhesion; Repaired; WARNING,There is an object with no extrusions in the first layer. | Object name: segmentation_repaired.stl,,,,,,,,P1_no_supports
784,s2_relative_volume__frac_0.01,meshes/s2_relative_volume__frac_0.01/case_outputs/784__s2_relative_volume__frac_0.01/segmentation_repaired.stl,2637484,5.98,1,False,False,8,Consider enabling brim; Consider enabling supports; Detected print stability issues; Floating object part; Loose extrusions; Low bed adhesion; Repaired; WARNING,There is an object with no extrusions in the first layer. | Object name: segmentation_repaired.stl,,,,,,,,P1_no_supports
787,s2_relative_volume__frac_0.01,meshes/s2_relative_volume__frac_0.01/case_outputs/787__s2_relative_volume__frac_0.01/segmentation_repaired.stl,2555884,5.67,1,False,False,8,Consider enabling brim; Consider enabling supports; Detected print stability issues; Floating object part; Loose extrusions; Low bed adhesion; Repaired; WARNING,There is an object with no extrusions in the first layer. | Object name: segmentation_repaired.stl,,,,,,,,P1_no_supports
788,s2_relative_volume__frac_0.01,meshes/s2_relative_volume__frac_0.01/case_outputs/788__s2_relative_volume__frac_0.01/segmentation_repaired.stl,3857884,8.48,1,False,False,8,Consider enabling brim; Consider enabling supports; Detected print stability issues; Floating object part; Loose extrusions; Low bed adhesion; Repaired; WARNING,There is an object with no extrusions in the first layer. | Object name: segmentation_repaired.stl,,,,,,,,P1_no_supports
799,s2_relative_volume__frac_0.01,meshes/s2_relative_volume__frac_0.01/case_outputs/799__s2_relative_volume__frac_0.01/segmentation_repaired.stl,3623184,7.93,1,False,False,8,Consider enabling brim; Consider enabling supports; Detected print stability issues; Floating object part; Loose extrusions; Low bed adhesion; Repaired; WARNING,There is an object with no extrusions in the first layer. | Object name: segmentation_repaired.stl,,,,,,,,P1_no_supports
806,s2_relative_volume__frac_0.01,meshes/s2_relative_volume__frac_0.01/case_outputs/806__s2_relative_volume__frac_0.01/segmentation_repaired.stl,3260084,7.48,1,False,False,8,Consider enabling brim; Consider enabling supports; Detected print stability issues; Floating object part; Loose extrusions; Low bed adhesion; Repaired; WARNING,There is an object with no extrusions in the first layer. | Object name: segmentation_repaired.stl,,,,,,,,P1_no_supports
838,s2_relative_volume__frac_0.01,meshes/s2_relative_volume__frac_0.01/case_outputs/838__s2_relative_volume__frac_0.01/segmentation_repaired.stl,3044784,7.15,1,False,False,8,Consider enabling brim; Consider enabling supports; Detected print stability issues; Floating object part; Loose extrusions; Low bed adhesion; Repaired; WARNING,There is an object with no extrusions in the first layer. | Object name: segmentation_repaired.stl,,,,,,,,P1_no_supports
846,s2_relative_volume__frac_0.01,meshes/s2_relative_volume__frac_0.01/case_outputs/846__s2_relative_volume__frac_0.01/segmentation_repaired.stl,2885384,6.21,1,False,False,8,Consider enabling brim; Consider enabling supports; Detected print stability issues; Floating object part; Loose extrusions; Low bed adhesion; Repaired; WARNING,There is an object with no extrusions in the first layer. | Object name: segmentation_repaired.stl,,,,,,,,P1_no_supports
855,s2_relative_volume__frac_0.01,meshes/s2_relative_volume__frac_0.01/case_outputs/855__s2_relative_volume__frac_0.01/segmentation_repaired.stl,3823184,8.79,1,False,False,6,Consider enabling supports; Detected print stability issues; Floating object part; Loose extrusions; Repaired; WARNING,There is an object with no extrusions in the first layer. | Object name: segmentation_repaired.stl,,,,,,,,P1_no_supports
868,s2_relative_volume__frac_0.01,meshes/s2_relative_volume__frac_0.01/case_outputs/868__s2_relative_volume__frac_0.01/segmentation_repaired.stl,1657584,4.42,1,False,False,7,Consider enabling brim; Consider enabling supports; Detected print stability issues; Floating object part; Low bed adhesion; Repaired; WARNING,There is an object with no extrusions in the first layer. | Object name: segmentation_repaired.stl,,,,,,,,P1_no_supports
871,s2_relative_volume__frac_0.01,meshes/s2_relative_volume__frac_0.01/case_outputs/871__s2_relative_volume__frac_0.01/segmentation_repaired.stl,2946784,6.71,1,False,False,8,Consider enabling brim; Consider enabling supports; Detected print stability issues; Floating object part; Loose extrusions; Low bed adhesion; Repaired; WARNING,There is an object with no extrusions in the first layer. | Object name: segmentation_repaired.stl,,,,,,,,P1_no_supports
899,s2_relative_volume__frac_0.01,meshes/s2_relative_volume__frac_0.01/case_outputs/899__s2_relative_volume__frac_0.01/segmentation_repaired.stl,2677484,5.87,1,False,False,8,Consider enabling brim; Consider enabling supports; Detected print stability issues; Floating object part; Loose extrusions; Low bed adhesion; Repaired; WARNING,There is an object with no extrusions in the first layer. | Object name: segmentation_repaired.stl,,,,,,,,P1_no_supports
913,s2_relative_volume__frac_0.01,meshes/s2_relative_volume__frac_0.01/case_outputs/913__s2_relative_volume__frac_0.01/segmentation_repaired.stl,3470284,7.73,1,False,False,8,Consider enabling brim; Consider enabling supports; Detected print stability issues; Floating object part; Loose extrusions; Low bed adhesion; Repaired; WARNING,There is an object with no extrusions in the first layer. | Object name: segmentation_repaired.stl,,,,,,,,P1_no_supports
917,s2_relative_volume__frac_0.01,meshes/s2_relative_volume__frac_0.01/case_outputs/917__s2_relative_volume__frac_0.01/segmentation_repaired.stl,3716084,8.27,1,False,False,8,Consider enabling brim; Consider enabling supports; Detected print stability issues; Floating object part; Loose extrusions; Low bed adhesion; Repaired; WARNING,There is an object with no extrusions in the first layer. | Object name: segmentation_repaired.stl,,,,,,,,P1_no_supports
928,s2_relative_volume__frac_0.01,meshes/s2_relative_volume__frac_0.01/case_outputs/928__s2_relative_volume__frac_0.01/segmentation_repaired.stl,2901884,6.99,1,False,False,8,Consider enabling brim; Consider enabling supports; Detected print stability issues; Floating object part; Loose extrusions; Low bed adhesion; Repaired; WARNING,There is an object with no extrusions in the first layer. | Object name: segmentation_repaired.stl,,,,,,,,P1_no_supports
943,s2_relative_volume__frac_0.01,meshes/s2_relative_volume__frac_0.01/case_outputs/943__s2_relative_volume__frac_0.01/segmentation_repaired.stl,2690084,6.06,1,False,False,8,Consider enabling brim; Consider enabling supports; Detected print stability issues; Floating object part; Loose extrusions; Low bed adhesion; Repaired; WARNING,There is an object with no extrusions in the first layer. | Object name: segmentation_repaired.stl,,,,,,,,P1_no_supports
964,s2_relative_volume__frac_0.01,meshes/s2_relative_volume__frac_0.01/case_outputs/964__s2_relative_volume__frac_0.01/segmentation_repaired.stl,3669684,7.88,1,False,False,8,Consider enabling brim; Consider enabling supports; Detected print stability issues; Floating object part; Loose extrusions; Low bed adhesion; Repaired; WARNING,There is an object with no extrusions in the first layer. | Object name: segmentation_repaired.stl,,,,,,,,P1_no_supports
779,s3_gap_bridge__gap_1.2mm,meshes/s3_gap_bridge__gap_1.2mm/case_outputs/779__s3_gap_bridge__gap_1.2mm/segmentation_repaired.stl,3549684,7.67,1,False,False,8,Consider enabling brim; Consider enabling supports; Detected print stability issues; Floating object part; Loose extrusions; Low bed adhesion; Repaired; WARNING,There is an object with no extrusions in the first layer. | Object name: segmentation_repaired.stl,,,,,,,,P1_no_supports
784,s3_gap_bridge__gap_1.2mm,meshes/s3_gap_bridge__gap_1.2mm/case_outputs/784__s3_gap_bridge__gap_1.2mm/segmentation_repaired.stl,2637484,6.41,1,False,False,8,Consider enabling brim; Consider enabling supports; Detected print stability issues; Floating object part; Loose extrusions; Low bed adhesion; Repaired; WARNING,There is an object with no extrusions in the first layer. | Object name: segmentation_repaired.stl,,,,,,,,P1_no_supports
785,s3_gap_bridge__gap_1.2mm,meshes/s3_gap_bridge__gap_1.2mm/case_outputs/785__s3_gap_bridge__gap_1.2mm/segmentation_repaired.stl,1904884,4.54,1,False,False,8,Consider enabling brim; Consider enabling supports; Detected print stability issues; Floating object part; Loose extrusions; Low bed adhesion; Repaired; WARNING,There is an object with no extrusions in the first layer. | Object name: segmentation_repaired.stl,,,,,,,,P1_no_supports
787,s3_gap_bridge__gap_1.2mm,meshes/s3_gap_bridge__gap_1.2mm/case_outputs/787__s3_gap_bridge__gap_1.2mm/segmentation_repaired.stl,2584284,5.66,1,False,False,8,Consider enabling brim; Consider enabling supports; Detected print stability issues; Floating object part; Loose extrusions; Low bed adhesion; Repaired; WARNING,There is an object with no extrusions in the first layer. | Object name: segmentation_repaired.stl,,,,,,,,P1_no_supports
788,s3_gap_bridge__gap_1.2mm,meshes/s3_gap_bridge__gap_1.2mm/case_outputs/788__s3_gap_bridge__gap_1.2mm/segmentation_repaired.stl,3885884,8.66,1,False,False,8,Consider enabling brim; Consider enabling supports; Detected print stability issues; Floating object part; Loose extrusions; Low bed adhesion; Repaired; WARNING,There is an object with no extrusions in the first layer. | Object name: segmentation_repaired.stl,,,,,,,,P1_no_supports
799,s3_gap_bridge__gap_1.2mm,meshes/s3_gap_bridge__gap_1.2mm/case_outputs/799__s3_gap_bridge__gap_1.2mm/segmentation_repaired.stl,3660984,8.04,1,False,False,8,Consider enabling brim; Consider enabling supports; Detected print stability issues; Floating object part; Loose extrusions; Low bed adhesion; Repaired; WARNING,There is an object with no extrusions in the first layer. | Object name: segmentation_repaired.stl,,,,,,,,P1_no_supports
806,s3_gap_bridge__gap_1.2mm,meshes/s3_gap_bridge__gap_1.2mm/case_outputs/806__s3_gap_bridge__gap_1.2mm/segmentation_repaired.stl,3326284,7.77,1,False,False,8,Consider enabling brim; Consider enabling supports; Detected print stability issues; Floating object part; Loose extrusions; Low bed adhesion; Repaired; WARNING,There is an object with no extrusions in the first layer. | Object name: segmentation_repaired.stl,,,,,,,,P1_no_supports
838,s3_gap_bridge__gap_1.2mm,meshes/s3_gap_bridge__gap_1.2mm/case_outputs/838__s3_gap_bridge__gap_1.2mm/segmentation_repaired.stl,3063384,6.86,1,False,False,8,Consider enabling brim; Consider enabling supports; Detected print stability issues; Floating object part; Loose extrusions; Low bed adhesion; Repaired; WARNING,There is an object with no extrusions in the first layer. | Object name: segmentation_repaired.stl,,,,,,,,P1_no_supports
846,s3_gap_bridge__gap_1.2mm,meshes/s3_gap_bridge__gap_1.2mm/case_outputs/846__s3_gap_bridge__gap_1.2mm/segmentation_repaired.stl,2885384,5.77,1,False,False,8,Consider enabling brim; Consider enabling supports; Detected print stability issues; Floating object part; Loose extrusions; Low bed adhesion; Repaired; WARNING,There is an object with no extrusions in the first layer. | Object name: segmentation_repaired.stl,,,,,,,,P1_no_supports
852,s3_gap_bridge__gap_1.2mm,meshes/s3_gap_bridge__gap_1.2mm/case_outputs/852__s3_gap_bridge__gap_1.2mm/segmentation_repaired.stl,4002684,8.37,1,False,False,8,Consider enabling brim; Consider enabling supports; Detected print stability issues; Floating object part; Loose extrusions; Low bed adhesion; Repaired; WARNING,There is an object with no extrusions in the first layer. | Object name: segmentation_repaired.stl,,,,,,,,P1_no_supports
868,s3_gap_bridge__gap_1.2mm,meshes/s3_gap_bridge__gap_1.2mm/case_outputs/868__s3_gap_bridge__gap_1.2mm/segmentation_repaired.stl,1711784,3.77,1,False,False,8,Consider enabling brim; Consider enabling supports; Detected print stability issues; Floating object part; Loose extrusions; Low bed adhesion; Repaired; WARNING,There is an object with no extrusions in the first layer. | Object name: segmentation_repaired.stl,,,,,,,,P1_no_supports
871,s3_gap_bridge__gap_1.2mm,meshes/s3_gap_bridge__gap_1.2mm/case_outputs/871__s3_gap_bridge__gap_1.2mm/segmentation_repaired.stl,3026984,7.28,1,False,False,8,Consider enabling brim; Consider enabling supports; Detected print stability issues; Floating object part; Loose extrusions; Low bed adhesion; Repaired; WARNING,There is an object with no extrusions in the first layer. | Object name: segmentation_repaired.stl,,,,,,,,P1_no_supports
913,s3_gap_bridge__gap_1.2mm,meshes/s3_gap_bridge__gap_1.2mm/case_outputs/913__s3_gap_bridge__gap_1.2mm/segmentation_repaired.stl,3492684,8.49,1,False,False,8,Consider enabling brim; Consider enabling supports; Detected print stability issues; Floating object part; Loose extrusions; Low bed adhesion; Repaired; WARNING,There is an object with no extrusions in the first layer. | Object name: segmentation_repaired.stl,,,,,,,,P1_no_supports
914,s3_gap_bridge__gap_1.2mm,meshes/s3_gap_bridge__gap_1.2mm/case_outputs/914__s3_gap_bridge__gap_1.2mm/segmentation_repaired.stl,2216884,6.06,1,False,False,8,Consider enabling brim; Consider enabling supports; Detected print stability issues; Floating object part; Loose extrusions; Low bed adhesion; Repaired; WARNING,There is an object with no extrusions in the first layer. | Object name: segmentation_repaired.stl,,,,,,,,P1_no_supports
917,s3_gap_bridge__gap_1.2mm,meshes/s3_gap_bridge__gap_1.2mm/case_outputs/917__s3_gap_bridge__gap_1.2mm/segmentation_repaired.stl,3783384,9.01,1,False,False,8,Consider enabling brim; Consider enabling supports; Detected print stability issues; Floating object part; Loose extrusions; Low bed adhesion; Repaired; WARNING,There is an object with no extrusions in the first layer. | Object name: segmentation_repaired.stl,,,,,,,,P1_no_supports
919,s3_gap_bridge__gap_1.2mm,meshes/s3_gap_bridge__gap_1.2mm/case_outputs/919__s3_gap_bridge__gap_1.2mm/segmentation_repaired.stl,2996684,7.11,1,False,False,8,Consider enabling brim; Consider enabling supports; Detected print stability issues; Floating object part; Loose extrusions; Low bed adhesion; Repaired; WARNING,There is an object with no extrusions in the first layer. | Object name: segmentation_repaired.stl,,,,,,,,P1_no_supports
928,s3_gap_bridge__gap_1.2mm,meshes/s3_gap_bridge__gap_1.2mm/case_outputs/928__s3_gap_bridge__gap_1.2mm/segmentation_repaired.stl,2914284,6.99,1,False,False,8,Consider enabling brim; Consider enabling supports; Detected print stability issues; Floating object part; Loose extrusions; Low bed adhesion; Repaired; WARNING,There is an object with no extrusions in the first layer. | Object name: segmentation_repaired.stl,,,,,,,,P1_no_supports
943,s3_gap_bridge__gap_1.2mm,meshes/s3_gap_bridge__gap_1.2mm/case_outputs/943__s3_gap_bridge__gap_1.2mm/segmentation_repaired.stl,2726484,6.67,1,False,False,8,Consider enabling brim; Consider enabling supports; Detected print stability issues; Floating object part; Loose extrusions; Low bed adhesion; Repaired; WARNING,There is an object with no extrusions in the first layer. | Object name: segmentation_repaired.stl,,,,,,,,P1_no_supports
964,s3_gap_bridge__gap_1.2mm,meshes/s3_gap_bridge__gap_1.2mm/case_outputs/964__s3_gap_bridge__gap_1.2mm/segmentation_repaired.stl,3694284,8.7,1,False,False,8,Consider enabling brim; Consider enabling supports; Detected print stability issues; Floating object part; Loose extrusions; Low bed adhesion; Repaired; WARNING,There is an object with no extrusions in the first layer. | Object name: segmentation_repaired.stl,,,,,,,,P1_no_supports
979,s3_gap_bridge__gap_1.2mm,meshes/s3_gap_bridge__gap_1.2mm/case_outputs/979__s3_gap_bridge__gap_1.2mm/segmentation_repaired.stl,2973684,6.92,1,False,False,8,Consider enabling brim; Consider enabling supports; Detected print stability issues; Floating object part; Loose extrusions; Low bed adhesion; Repaired; WARNING,There is an object with no extrusions in the first layer. | Object name: segmentation_repaired.stl,,,,,,,,P1_no_supports
779,s3c_closing__r_0.6mm,meshes/s3c_closing__r_0.6mm/case_outputs/779__s3c_closing__r_0.6mm/segmentation_repaired.stl,3548684,8.01,1,False,False,8,Consider enabling brim; Consider enabling supports; Detected print stability issues; Floating object part; Loose extrusions; Low bed adhesion; Repaired; WARNING,There is an object with no extrusions in the first layer. | Object name: segmentation_repaired.stl,,,,,,,,P1_no_supports
784,s3c_closing__r_0.6mm,meshes/s3c_closing__r_0.6mm/case_outputs/784__s3c_closing__r_0.6mm/segmentation_repaired.stl,2640684,6.17,1,False,False,8,Consider enabling brim; Consider enabling supports; Detected print stability issues; Floating object part; Loose extrusions; Low bed adhesion; Repaired; WARNING,There is an object with no extrusions in the first layer. | Object name: segmentation_repaired.stl,,,,,,,,P1_no_supports
785,s3c_closing__r_0.6mm,meshes/s3c_closing__r_0.6mm/case_outputs/785__s3c_closing__r_0.6mm/segmentation_repaired.stl,1905884,5.2,1,False,False,8,Consider enabling brim; Consider enabling supports; Detected print stability issues; Floating object part; Loose extrusions; Low bed adhesion; Repaired; WARNING,There is an object with no extrusions in the first layer. | Object name: segmentation_repaired.stl,,,,,,,,P1_no_supports
787,s3c_closing__r_0.6mm,meshes/s3c_closing__r_0.6mm/case_outputs/787__s3c_closing__r_0.6mm/segmentation_repaired.stl,2588884,6.22,1,False,False,8,Consider enabling brim; Consider enabling supports; Detected print stability issues; Floating object part; Loose extrusions; Low bed adhesion; Repaired; WARNING,There is an object with no extrusions in the first layer. | Object name: segmentation_repaired.stl,,,,,,,,P1_no_supports
788,s3c_closing__r_0.6mm,meshes/s3c_closing__r_0.6mm/case_outputs/788__s3c_closing__r_0.6mm/segmentation_repaired.stl,3889884,8.67,1,False,False,8,Consider enabling brim; Consider enabling supports; Detected print stability issues; Floating object part; Loose extrusions; Low bed adhesion; Repaired; WARNING,There is an object with no extrusions in the first layer. | Object name: segmentation_repaired.stl,,,,,,,,P1_no_supports
799,s3c_closing__r_0.6mm,meshes/s3c_closing__r_0.6mm/case_outputs/799__s3c_closing__r_0.6mm/segmentation_repaired.stl,3664284,8.69,1,False,False,8,Consider enabling brim; Consider enabling supports; Detected print stability issues; Floating object part; Loose extrusions; Low bed adhesion; Repaired; WARNING,There is an object with no extrusions in the first layer. | Object name: segmentation_repaired.stl,,,,,,,,P1_no_supports
806,s3c_closing__r_0.6mm,meshes/s3c_closing__r_0.6mm/case_outputs/806__s3c_closing__r_0.6mm/segmentation_repaired.stl,3329884,7.32,1,False,False,8,Consider enabling brim; Consider enabling supports; Detected print stability issues; Floating object part; Loose extrusions; Low bed adhesion; Repaired; WARNING,There is an object with no extrusions in the first layer. | Object name: segmentation_repaired.stl,,,,,,,,P1_no_supports
838,s3c_closing__r_0.6mm,meshes/s3c_closing__r_0.6mm/case_outputs/838__s3c_closing__r_0.6mm/segmentation_repaired.stl,3069484,6.8,1,False,False,8,Consider enabling brim; Consider enabling supports; Detected print stability issues; Floating object part; Loose extrusions; Low bed adhesion; Repaired; WARNING,There is an object with no extrusions in the first layer. | Object name: segmentation_repaired.stl,,,,,,,,P1_no_supports
846,s3c_closing__r_0.6mm,meshes/s3c_closing__r_0.6mm/case_outputs/846__s3c_closing__r_0.6mm/segmentation_repaired.stl,2885684,6.66,1,False,False,8,Consider enabling brim; Consider enabling supports; Detected print stability issues; Floating object part; Loose extrusions; Low bed adhesion; Repaired; WARNING,There is an object with no extrusions in the first layer. | Object name: segmentation_repaired.stl,,,,,,,,P1_no_supports
852,s3c_closing__r_0.6mm,meshes/s3c_closing__r_0.6mm/case_outputs/852__s3c_closing__r_0.6mm/segmentation_repaired.stl,4005384,7.8,1,False,False,8,Consider enabling brim; Consider enabling supports; Detected print stability issues; Floating object part; Loose extrusions; Low bed adhesion; Repaired; WARNING,There is an object with no extrusions in the first layer. | Object name: segmentation_repaired.stl,,,,,,,,P1_no_supports
868,s3c_closing__r_0.6mm,meshes/s3c_closing__r_0.6mm/case_outputs/868__s3c_closing__r_0.6mm/segmentation_repaired.stl,1712984,4.4,1,False,False,8,Consider enabling brim; Consider enabling supports; Detected print stability issues; Floating object part; Loose extrusions; Low bed adhesion; Repaired; WARNING,There is an object with no extrusions in the first layer. | Object name: segmentation_repaired.stl,,,,,,,,P1_no_supports
871,s3c_closing__r_0.6mm,meshes/s3c_closing__r_0.6mm/case_outputs/871__s3c_closing__r_0.6mm/segmentation_repaired.stl,3027784,8.12,1,False,False,8,Consider enabling brim; Consider enabling supports; Detected print stability issues; Floating object part; Loose extrusions; Low bed adhesion; Repaired; WARNING,There is an object with no extrusions in the first layer. | Object name: segmentation_repaired.stl,,,,,,,,P1_no_supports
913,s3c_closing__r_0.6mm,meshes/s3c_closing__r_0.6mm/case_outputs/913__s3c_closing__r_0.6mm/segmentation_repaired.stl,3494884,7.95,1,False,False,8,Consider enabling brim; Consider enabling supports; Detected print stability issues; Floating object part; Loose extrusions; Low bed adhesion; Repaired; WARNING,There is an object with no extrusions in the first layer. | Object name: segmentation_repaired.stl,,,,,,,,P1_no_supports
914,s3c_closing__r_0.6mm,meshes/s3c_closing__r_0.6mm/case_outputs/914__s3c_closing__r_0.6mm/segmentation_repaired.stl,2217084,5.4,1,False,False,8,Consider enabling brim; Consider enabling supports; Detected print stability issues; Floating object part; Loose extrusions; Low bed adhesion; Repaired; WARNING,There is an object with no extrusions in the first layer. | Object name: segmentation_repaired.stl,,,,,,,,P1_no_supports
917,s3c_closing__r_0.6mm,meshes/s3c_closing__r_0.6mm/case_outputs/917__s3c_closing__r_0.6mm/segmentation_repaired.stl,3784884,8.15,1,False,False,8,Consider enabling brim; Consider enabling supports; Detected print stability issues; Floating object part; Loose extrusions; Low bed adhesion; Repaired; WARNING,There is an object with no extrusions in the first layer. | Object name: segmentation_repaired.stl,,,,,,,,P1_no_supports
919,s3c_closing__r_0.6mm,meshes/s3c_closing__r_0.6mm/case_outputs/919__s3c_closing__r_0.6mm/segmentation_repaired.stl,2998584,6.4,1,False,False,8,Consider enabling brim; Consider enabling supports; Detected print stability issues; Floating object part; Loose extrusions; Low bed adhesion; Repaired; WARNING,There is an object with no extrusions in the first layer. | Object name: segmentation_repaired.stl,,,,,,,,P1_no_supports
928,s3c_closing__r_0.6mm,meshes/s3c_closing__r_0.6mm/case_outputs/928__s3c_closing__r_0.6mm/segmentation_repaired.stl,2913884,6.9,1,False,False,8,Consider enabling brim; Consider enabling supports; Detected print stability issues; Floating object part; Loose extrusions; Low bed adhesion; Repaired; WARNING,There is an object with no extrusions in the first layer. | Object name: segmentation_repaired.stl,,,,,,,,P1_no_supports
943,s3c_closing__r_0.6mm,meshes/s3c_closing__r_0.6mm/case_outputs/943__s3c_closing__r_0.6mm/segmentation_repaired.stl,2728684,5.89,1,False,False,8,Consider enabling brim; Consider enabling supports; Detected print stability issues; Floating object part; Loose extrusions; Low bed adhesion; Repaired; WARNING,There is an object with no extrusions in the first layer. | Object name: segmentation_repaired.stl,,,,,,,,P1_no_supports
964,s3c_closing__r_0.6mm,meshes/s3c_closing__r_0.6mm/case_outputs/964__s3c_closing__r_0.6mm/segmentation_repaired.stl,3695784,7.94,1,False,False,8,Consider enabling brim; Consider enabling supports; Detected print stability issues; Floating object part; Loose extrusions; Low bed adhesion; Repaired; WARNING,There is an object with no extrusions in the first layer. | Object name: segmentation_repaired.stl,,,,,,,,P1_no_supports
979,s3c_closing__r_0.6mm,meshes/s3c_closing__r_0.6mm/case_outputs/979__s3c_closing__r_0.6mm/segmentation_repaired.stl,2974384,6.69,1,False,False,8,Consider enabling brim; Consider enabling supports; Detected print stability issues; Floating object part; Loose extrusions; Low bed adhesion; Repaired; WARNING,There is an object with no extrusions in the first layer. | Object name: segmentation_repaired.stl,,,,,,,,P1_no_supports
