case_id,strategy,delta_components,cldice_original,dice_original,components_original
1000,s2_relative_volume__frac_0.01,-7,0.896689029431023,0.7841487639174053,9
751,s2_relative_volume__frac_0.01,-6,0.8625976166172692,0.7646604461471915,9
752,s2_relative_volume__frac_0.01,-1,0.8528463043779931,0.7582567580878938,5
753,s2_relative_volume__frac_0.01,-2,0.9062682696383894,0.7687141811204524,5
754,s2_relative_volume__frac_0.01,-6,0.9480815447087098,0.8639282228652637,8
755,s2_relative_volume__frac_0.01,-7,0.8436066905215597,0.7661699366964181,10
756,s2_relative_volume__frac_0.01,-6,0.8316498316498316,0.7393484272770195,8
757,s2_relative_volume__frac_0.01,-5,0.9616905919826176,0.8609104996929914,7
758,s2_relative_volume__frac_0.01,-2,0.9489529555078601,0.8461103859416704,5
759,s2_relative_volume__frac_0.01,-6,0.8305024790682445,0.7057681574413356,9
760,s2_relative_volume__frac_0.01,-5,0.8675553324902345,0.7638670105248484,10
761,s2_relative_volume__frac_0.01,-4,0.886223096762605,0.7908047890567556,7
762,s2_relative_volume__frac_0.01,-6,0.8404558404558405,0.7473259892020897,12
763,s2_relative_volume__frac_0.01,-8,0.7960651662865886,0.7540661106647086,11
764,s2_relative_volume__frac_0.01,-2,0.9598966644371515,0.8543170275327453,5
765,s2_relative_volume__frac_0.01,-1,0.8750951241773237,0.7542865635043005,3
766,s2_relative_volume__frac_0.01,-5,0.8863929299583639,0.8061685636813015,9
767,s2_relative_volume__frac_0.01,-8,0.8227230212881508,0.7135594632886074,14
768,s2_relative_volume__frac_0.01,-10,0.908105808750402,0.7978088782692089,16
769,s2_relative_volume__frac_0.01,-3,0.8734938672113223,0.803306704820953,7
770,s2_relative_volume__frac_0.01,-3,0.931867523748944,0.8404643508746825,9
771,s2_relative_volume__frac_0.01,-4,0.9033250282313717,0.8309197154471545,8
772,s2_relative_volume__frac_0.01,0,0.8208010456540006,0.7648750946252839,6
773,s2_relative_volume__frac_0.01,-1,0.9470463032931797,0.8351409978308026,4
774,s2_relative_volume__frac_0.01,-7,0.875541129750565,0.8222945666816345,14
775,s2_relative_volume__frac_0.01,-8,0.8786358133706326,0.7786529496865455,14
776,s2_relative_volume__frac_0.01,-4,0.8193321047721123,0.7124364689047157,9
777,s2_relative_volume__frac_0.01,-5,0.8818568052905973,0.7937805651995371,9
778,s2_relative_volume__frac_0.01,-7,0.8631195204012302,0.7806077917956042,12
779,s2_relative_volume__frac_0.01,-8,0.8867983466151377,0.8023056416168312,11
780,s2_relative_volume__frac_0.01,-6,0.848592306899177,0.7737688991438461,11
781,s2_relative_volume__frac_0.01,-4,0.8420841266063779,0.75735905538001,7
782,s2_relative_volume__frac_0.01,-6,0.8237145194788847,0.7765456316639311,15
783,s2_relative_volume__frac_0.01,-1,0.8872888831325313,0.7710325047801148,6
784,s2_relative_volume__frac_0.01,-5,0.8828977231926224,0.7872326622407716,9
785,s2_relative_volume__frac_0.01,-1,0.9266861088887333,0.8230623619728679,3
786,s2_relative_volume__frac_0.01,-1,0.9149046644534916,0.8137829384908509,5
787,s2_relative_volume__frac_0.01,-1,0.8716081419668279,0.7820545133763007,6
788,s2_relative_volume__frac_0.01,-7,0.8863068337012466,0.7919244804061558,13
789,s2_relative_volume__frac_0.01,-5,0.949627754860552,0.8523900516968108,8
790,s2_relative_volume__frac_0.01,-3,0.885794519142506,0.8014239549311352,5
791,s2_relative_volume__frac_0.01,-7,0.8781631629596497,0.7899543378995434,8
792,s2_relative_volume__frac_0.01,-3,0.8918553754075662,0.8148014657295609,11
793,s2_relative_volume__frac_0.01,-1,0.8064965844137739,0.7211357146705457,9
794,s2_relative_volume__frac_0.01,-2,0.9107546417335047,0.8370759115828083,5
795,s2_relative_volume__frac_0.01,-2,0.7979177009339724,0.7659547473038697,6
796,s2_relative_volume__frac_0.01,-6,0.8385275400172691,0.779475848523906,12
797,s2_relative_volume__frac_0.01,-6,0.8663390330846512,0.7465583872059268,12
798,s2_relative_volume__frac_0.01,-33,0.7642616780277204,0.6638508442291169,44
799,s2_relative_volume__frac_0.01,-7,0.9169033051573835,0.8254184483041334,10
800,s2_relative_volume__frac_0.01,-3,0.9165033676210201,0.8222062958266718,6
801,s2_relative_volume__frac_0.01,-10,0.8795315502679102,0.7830462863293864,13
802,s2_relative_volume__frac_0.01,-5,0.9192796998427839,0.8192829912298822,7
803,s2_relative_volume__frac_0.01,-28,0.8526116217843313,0.8092419686659281,30
804,s2_relative_volume__frac_0.01,-5,0.7873963590652651,0.7420942144596524,9
805,s2_relative_volume__frac_0.01,-6,0.7449765963397882,0.6840567845647199,11
806,s2_relative_volume__frac_0.01,-8,0.8465468610635332,0.7877871456500489,15
807,s2_relative_volume__frac_0.01,-4,0.8393753850108979,0.7654418903581343,6
808,s2_relative_volume__frac_0.01,-24,0.7646502319657964,0.7054472763618191,31
809,s2_relative_volume__frac_0.01,-5,0.814317673378076,0.7203179334326876,10
810,s2_relative_volume__frac_0.01,-12,0.9054094781191377,0.8222204485593423,17
811,s2_relative_volume__frac_0.01,-4,0.8647660341382509,0.8033006924742991,6
812,s2_relative_volume__frac_0.01,-10,0.8932048406575801,0.8364943189911141,13
813,s2_relative_volume__frac_0.01,-7,0.8422026044377516,0.7624169723406364,9
814,s2_relative_volume__frac_0.01,-3,0.894495811134834,0.8272057515037192,8
815,s2_relative_volume__frac_0.01,-9,0.8293350291923473,0.7563471101910676,14
816,s2_relative_volume__frac_0.01,-2,0.8433459097544418,0.766469962271452,6
817,s2_relative_volume__frac_0.01,-7,0.7967968515127498,0.7308346393677682,14
818,s2_relative_volume__frac_0.01,-5,0.8757150597342418,0.8070214266941474,10
819,s2_relative_volume__frac_0.01,-6,0.9308041341063776,0.8696115080679506,9
820,s2_relative_volume__frac_0.01,-9,0.8465698743170582,0.8116452864720137,13
821,s2_relative_volume__frac_0.01,-2,0.8720940503480619,0.7651933701657458,6
822,s2_relative_volume__frac_0.01,-15,0.8748298447366915,0.8213983449313522,20
823,s2_relative_volume__frac_0.01,-3,0.9217253723808674,0.8159024557788082,9
824,s2_relative_volume__frac_0.01,-4,0.8630976706170822,0.7992343402785417,7
825,s2_relative_volume__frac_0.01,-4,0.9010756513354365,0.7975200125568984,8
826,s2_relative_volume__frac_0.01,-5,0.8611433351047638,0.7776866134266857,8
827,s2_relative_volume__frac_0.01,-7,0.9232405327234522,0.799381095792004,10
828,s2_relative_volume__frac_0.01,-7,0.8581229085410131,0.79038110370669,12
829,s2_relative_volume__frac_0.01,-10,0.8968717844618197,0.8288625598371675,13
830,s2_relative_volume__frac_0.01,-7,0.8929840830543125,0.8325854068401856,9
831,s2_relative_volume__frac_0.01,-5,0.8893600886206344,0.8322451157236859,8
832,s2_relative_volume__frac_0.01,-2,0.9459466669037816,0.8288905041961276,4
833,s2_relative_volume__frac_0.01,-2,0.9116910920978661,0.8378429220881016,6
834,s2_relative_volume__frac_0.01,-4,0.9131304067777047,0.821221304737249,7
835,s2_relative_volume__frac_0.01,-1,0.880850483298048,0.7773413730154339,9
836,s2_relative_volume__frac_0.01,-8,0.927813398187044,0.841239945065725,10
837,s2_relative_volume__frac_0.01,-3,0.8601307436135659,0.8029697942827343,5
838,s2_relative_volume__frac_0.01,-2,0.8742178719522081,0.7924198642564344,9
839,s2_relative_volume__frac_0.01,-2,0.9562876647548836,0.835097178454981,5
840,s2_relative_volume__frac_0.01,-8,0.8876853148369414,0.8014588358373775,13
841,s2_relative_volume__frac_0.01,-1,0.9266181169651481,0.8271519452979617,6
842,s2_relative_volume__frac_0.01,-9,0.8550096369237389,0.7462995055408048,13
843,s2_relative_volume__frac_0.01,-13,0.8367984007381208,0.7610784240709019,18
844,s2_relative_volume__frac_0.01,-7,0.8751883387311887,0.8350283317389064,12
845,s2_relative_volume__frac_0.01,-6,0.8962130278983708,0.8032149995777146,10
846,s2_relative_volume__frac_0.01,-1,0.9483148245105177,0.8301967265554193,5
847,s2_relative_volume__frac_0.01,-8,0.8816965582340982,0.8413072232796722,11
848,s2_relative_volume__frac_0.01,-2,0.9115919059378571,0.7748648648648648,4
849,s2_relative_volume__frac_0.01,-8,0.8835324924108419,0.7569533641438089,13
850,s2_relative_volume__frac_0.01,-11,0.7479199594429368,0.6865243226911069,19
851,s2_relative_volume__frac_0.01,-2,0.9328115977532415,0.8103147831369603,4
852,s2_relative_volume__frac_0.01,-27,0.850582848847039,0.7882430045654999,38
853,s2_relative_volume__frac_0.01,-3,0.8919947314503147,0.8469529867881206,6
854,s2_relative_volume__frac_0.01,0,0.8616347778984402,0.733065164923572,4
855,s2_relative_volume__frac_0.01,-19,0.8091562633647639,0.7716120533508974,28
856,s2_relative_volume__frac_0.01,-22,0.8862430902132803,0.8344333166190082,25
857,s2_relative_volume__frac_0.01,-6,0.8718335164529633,0.7789832136386458,10
858,s2_relative_volume__frac_0.01,-8,0.8540298259892402,0.7462236161736034,10
859,s2_relative_volume__frac_0.01,-4,0.9051143132013826,0.8200852325365944,7
860,s2_relative_volume__frac_0.01,-7,0.8578411945866412,0.7982499861549538,11
861,s2_relative_volume__frac_0.01,-9,0.8374503368457419,0.7034987838451875,14
862,s2_relative_volume__frac_0.01,-2,0.8615645035018303,0.7751949991702163,5
863,s2_relative_volume__frac_0.01,-6,0.9027023430287202,0.816482582837723,11
864,s2_relative_volume__frac_0.01,-5,0.8995035863320433,0.8235603207766699,8
865,s2_relative_volume__frac_0.01,-4,0.8454213975361364,0.7569572523464076,8
866,s2_relative_volume__frac_0.01,-6,0.8837144549954836,0.8099173553719008,9
867,s2_relative_volume__frac_0.01,-16,0.8588555620715398,0.7703085432493669,21
868,s2_relative_volume__frac_0.01,-7,0.7982492516231031,0.7497774429911662,14
869,s2_relative_volume__frac_0.01,-12,0.8068802866992146,0.710191119984122,16
870,s2_relative_volume__frac_0.01,-5,0.7664790848654088,0.7165939379643826,9
871,s2_relative_volume__frac_0.01,-6,0.8658064034071806,0.8125039330438613,10
872,s2_relative_volume__frac_0.01,-8,0.8395546976055525,0.7858438435905007,16
873,s2_relative_volume__frac_0.01,-11,0.9008694837314842,0.8545945831838044,14
874,s2_relative_volume__frac_0.01,-3,0.8222655444763145,0.7601830928790776,7
875,s2_relative_volume__frac_0.01,-4,0.8957259823601934,0.7883833388284427,9
876,s2_relative_volume__frac_0.01,-5,0.8482733805482419,0.757807241889891,10
877,s2_relative_volume__frac_0.01,-6,0.8823420874592534,0.7981675565223123,10
878,s2_relative_volume__frac_0.01,-4,0.9087843711637856,0.7932161558216323,9
879,s2_relative_volume__frac_0.01,0,0.974418475344614,0.8646012781328146,3
880,s2_relative_volume__frac_0.01,-4,0.8528558949845922,0.7624281788658506,9
881,s2_relative_volume__frac_0.01,-8,0.8692947138891577,0.7571347885311804,14
882,s2_relative_volume__frac_0.01,-10,0.8995114055334074,0.8321445947764516,13
883,s2_relative_volume__frac_0.01,-3,0.9045769242818207,0.78827065566895,9
884,s2_relative_volume__frac_0.01,-1,0.944370988292425,0.8392627757609606,4
885,s2_relative_volume__frac_0.01,-5,0.8895559196571494,0.7919306252852579,13
886,s2_relative_volume__frac_0.01,-5,0.7341404958677686,0.6621120889300602,11
887,s2_relative_volume__frac_0.01,-10,0.7849126902755249,0.743825687864949,19
888,s2_relative_volume__frac_0.01,-4,0.8702704670379673,0.8044426814756049,7
889,s2_relative_volume__frac_0.01,-3,0.9034137697509753,0.77680744452398,8
890,s2_relative_volume__frac_0.01,0,0.929893335764427,0.8515598373133989,2
891,s2_relative_volume__frac_0.01,-2,0.868469019307618,0.7990848483357524,8
892,s2_relative_volume__frac_0.01,-27,0.73915300656866,0.6996138796699253,32
893,s2_relative_volume__frac_0.01,-3,0.9191082802547771,0.8368797993639631,7
894,s2_relative_volume__frac_0.01,-4,0.7862534503385177,0.7047704874469978,12
895,s2_relative_volume__frac_0.01,-13,0.8578128307405565,0.7415304203716098,17
896,s2_relative_volume__frac_0.01,-3,0.7981827042251359,0.7056285331949641,12
897,s2_relative_volume__frac_0.01,-2,0.8652808315010994,0.7898065476190477,9
898,s2_relative_volume__frac_0.01,-3,0.9641997140580875,0.8440178976720057,5
899,s2_relative_volume__frac_0.01,-6,0.8998671999561251,0.8343055602387295,11
900,s2_relative_volume__frac_0.01,-3,0.9354512224703688,0.8312931605335352,5
901,s2_relative_volume__frac_0.01,-12,0.7779801554098892,0.7203268119873616,17
902,s2_relative_volume__frac_0.01,-6,0.838146672834019,0.7290556542332741,10
903,s2_relative_volume__frac_0.01,-6,0.9174358176497225,0.8312141061631897,8
904,s2_relative_volume__frac_0.01,-12,0.8038306935704255,0.7038986145419397,16
905,s2_relative_volume__frac_0.01,-8,0.8824355118475516,0.7445847842766924,12
906,s2_relative_volume__frac_0.01,-7,0.8586781643247481,0.8284926404755936,12
907,s2_relative_volume__frac_0.01,-5,0.8322426036672229,0.7811066687436177,9
908,s2_relative_volume__frac_0.01,-7,0.9490749768010056,0.8207323623266247,10
909,s2_relative_volume__frac_0.01,-7,0.8186136215113405,0.6547097167689552,10
910,s2_relative_volume__frac_0.01,-7,0.830712947953865,0.765635758969776,11
911,s2_relative_volume__frac_0.01,-2,0.8994403934203832,0.8260514566648716,6
912,s2_relative_volume__frac_0.01,-7,0.8728969663422359,0.7864322885766107,10
913,s2_relative_volume__frac_0.01,-4,0.8516898387126687,0.7737874097007224,10
914,s2_relative_volume__frac_0.01,-6,0.8209027097154318,0.7370343487321174,10
915,s2_relative_volume__frac_0.01,-7,0.932528929170243,0.8377824858757063,9
916,s2_relative_volume__frac_0.01,-4,0.8375097384189295,0.7766102510628058,7
917,s2_relative_volume__frac_0.01,-8,0.9136183220912555,0.8461817275672247,11
918,s2_relative_volume__frac_0.01,-12,0.8571243145017361,0.7764940401122818,15
919,s2_relative_volume__frac_0.01,-4,0.9386932547597994,0.8444526298018632,6
920,s2_relative_volume__frac_0.01,-13,0.8275584256223699,0.7636013824063848,19
921,s2_relative_volume__frac_0.01,-8,0.9390872493321796,0.8356090907697731,10
922,s2_relative_volume__frac_0.01,-12,0.7535318385257651,0.6875772759809983,20
923,s2_relative_volume__frac_0.01,-5,0.8977437551337404,0.8477867408215368,7
924,s2_relative_volume__frac_0.01,-5,0.8383998139318526,0.767297397875934,9
925,s2_relative_volume__frac_0.01,-14,0.8754127889522666,0.7856986697610279,19
926,s2_relative_volume__frac_0.01,-4,0.9085871472384083,0.815015395366104,9
927,s2_relative_volume__frac_0.01,-5,0.7787532416329334,0.6916565441846341,13
928,s2_relative_volume__frac_0.01,-5,0.8913093557658561,0.8198659947314167,8
929,s2_relative_volume__frac_0.01,-10,0.7797504202446114,0.7566568851211825,17
930,s2_relative_volume__frac_0.01,-6,0.9216965162097956,0.808774947443143,10
931,s2_relative_volume__frac_0.01,-13,0.5764219158347723,0.6174496644295302,23
932,s2_relative_volume__frac_0.01,-2,0.9260504440687523,0.8200086502312274,4
933,s2_relative_volume__frac_0.01,-11,0.8886708927219369,0.8265485246175709,17
934,s2_relative_volume__frac_0.01,-2,0.9501855754411349,0.8622620728169648,5
935,s2_relative_volume__frac_0.01,-2,0.9396264825758686,0.8559237914635772,6
936,s2_relative_volume__frac_0.01,-10,0.8277877467316073,0.7898395638385953,13
937,s2_relative_volume__frac_0.01,-6,0.8880854385638433,0.7962751665501122,9
938,s2_relative_volume__frac_0.01,-11,0.8457351000184254,0.8174046571323799,15
939,s2_relative_volume__frac_0.01,-8,0.8846865184893353,0.7655637162111002,13
940,s2_relative_volume__frac_0.01,-9,0.8392898022434713,0.7542772367256108,15
941,s2_relative_volume__frac_0.01,-1,0.8739677003118416,0.7993467448593274,6
942,s2_relative_volume__frac_0.01,-4,0.8982803712361422,0.7898102704655067,11
943,s2_relative_volume__frac_0.01,-7,0.7944080952574472,0.7447150681738726,17
944,s2_relative_volume__frac_0.01,-16,0.90248219931116,0.829326074902969,20
945,s2_relative_volume__frac_0.01,-4,0.8067252844830083,0.7595457537853851,8
946,s2_relative_volume__frac_0.01,-7,0.7718800859370437,0.6564993941419797,9
947,s2_relative_volume__frac_0.01,-8,0.885662975543566,0.8010061658333077,12
948,s2_relative_volume__frac_0.01,-5,0.95125284738041,0.8563196903384723,10
949,s2_relative_volume__frac_0.01,-2,0.9156830700320804,0.8260036146557862,5
950,s2_relative_volume__frac_0.01,-10,0.8165626124492622,0.7521931331455141,17
951,s2_relative_volume__frac_0.01,-5,0.8840572038186533,0.8016880588489024,10
952,s2_relative_volume__frac_0.01,-4,0.9140924339086682,0.8273133006884339,6
953,s2_relative_volume__frac_0.01,-5,0.8729325928292201,0.7696835908756439,10
954,s2_relative_volume__frac_0.01,-2,0.8407745231751053,0.7750933564915328,6
955,s2_relative_volume__frac_0.01,-5,0.8796911329748567,0.7939853681938115,7
956,s2_relative_volume__frac_0.01,-6,0.8422378548020368,0.7611321017129876,9
957,s2_relative_volume__frac_0.01,-14,0.9094405591020442,0.7797928510661283,18
958,s2_relative_volume__frac_0.01,-9,0.7880534941164175,0.7474566044090201,13
959,s2_relative_volume__frac_0.01,-20,0.8245541317903867,0.7645802110902076,25
960,s2_relative_volume__frac_0.01,-16,0.9325486290547084,0.8478037828768694,20
961,s2_relative_volume__frac_0.01,-9,0.906257624457669,0.8295759928336817,12
962,s2_relative_volume__frac_0.01,-23,0.8616702657027508,0.7695285885775466,26
963,s2_relative_volume__frac_0.01,-8,0.9000269549851748,0.8376077332145757,12
964,s2_relative_volume__frac_0.01,-3,0.9333536794720176,0.8433631501398026,5
965,s2_relative_volume__frac_0.01,-10,0.8768694875165438,0.7970579094581995,16
966,s2_relative_volume__frac_0.01,-6,0.9043936514267895,0.8080972307364269,8
967,s2_relative_volume__frac_0.01,-4,0.9587082262210798,0.8611333867949746,7
968,s2_relative_volume__frac_0.01,-9,0.8873072360616845,0.8086242383485154,12
969,s2_relative_volume__frac_0.01,-9,0.9161943287975255,0.8142135006572795,13
970,s2_relative_volume__frac_0.01,-9,0.8560842279459855,0.7907146329606223,15
971,s2_relative_volume__frac_0.01,-4,0.7955018249175225,0.6906939022868652,11
972,s2_relative_volume__frac_0.01,-12,0.8521385636848973,0.7418803418803419,16
973,s2_relative_volume__frac_0.01,-6,0.8831733066863622,0.8315905614483814,10
974,s2_relative_volume__frac_0.01,-11,0.83235349510641,0.8147214056654195,13
975,s2_relative_volume__frac_0.01,-6,0.8724586472649478,0.8035539333397368,12
976,s2_relative_volume__frac_0.01,-5,0.7886067373690223,0.7347962825541539,12
977,s2_relative_volume__frac_0.01,0,0.9524873757019392,0.8475218978674063,2
978,s2_relative_volume__frac_0.01,-9,0.7194982896237173,0.6865374161985867,18
979,s2_relative_volume__frac_0.01,-5,0.8785761181928096,0.8246904024767802,9
980,s2_relative_volume__frac_0.01,-9,0.8034193548387097,0.8068053919644026,12
981,s2_relative_volume__frac_0.01,-8,0.8578099156884101,0.8262862131049157,13
982,s2_relative_volume__frac_0.01,0,0.8993895279224167,0.8170167405576956,3
983,s2_relative_volume__frac_0.01,-9,0.8721368883191242,0.7931517589748204,13
984,s2_relative_volume__frac_0.01,-24,0.8911945418123274,0.8261479144759902,31
985,s2_relative_volume__frac_0.01,-9,0.843579999401538,0.7991380816492925,12
986,s2_relative_volume__frac_0.01,-8,0.839826049223716,0.7608999839023243,13
987,s2_relative_volume__frac_0.01,-2,0.8696598285658563,0.7939314369073669,4
988,s2_relative_volume__frac_0.01,-7,0.771925312832035,0.7446901878181499,15
989,s2_relative_volume__frac_0.01,-3,0.9359054893352194,0.8118118827313562,6
990,s2_relative_volume__frac_0.01,-6,0.929638263545386,0.838870484303518,9
991,s2_relative_volume__frac_0.01,-14,0.879720035867291,0.7936466091082844,23
992,s2_relative_volume__frac_0.01,-7,0.938650492797574,0.8151622878058016,10
993,s2_relative_volume__frac_0.01,-9,0.8531279535179218,0.7995707240926668,12
994,s2_relative_volume__frac_0.01,-7,0.8603093386500383,0.7975750818758275,13
995,s2_relative_volume__frac_0.01,-11,0.8052391799544418,0.7238863493770726,17
996,s2_relative_volume__frac_0.01,-12,0.931223371880706,0.8524602158404976,15
997,s2_relative_volume__frac_0.01,-8,0.8854987628990405,0.7739170828010684,12
998,s2_relative_volume__frac_0.01,-2,0.9074523029655592,0.8285772110908723,5
999,s2_relative_volume__frac_0.01,-10,0.8144839619817167,0.6995540138751238,18
